,time
0,2010-01-01
1,2010-01-02
2,2010-01-03
3,2010-01-04
4,2010-01-05
5,2010-01-06
6,2010-01-07
7,2010-01-08
8,2010-01-09
9,2010-01-10
10,2010-01-11
11,2010-01-12
12,2010-01-13
13,2010-01-14
14,2010-01-15
15,2010-01-16
16,2010-01-17
17,2010-01-18
18,2010-01-19
19,2010-01-20
20,2010-01-21
21,2010-01-22
22,2010-01-23
23,2010-01-24
24,2010-01-25
25,2010-01-26
26,2010-01-27
27,2010-01-28
28,2010-01-29
29,2010-01-30
30,2010-01-31
31,2010-02-01
32,2010-02-02
33,2010-02-03
34,2010-02-04
35,2010-02-05
36,2010-02-06
37,2010-02-07
38,2010-02-08
39,2010-02-09
40,2010-02-10
41,2010-02-11
42,2010-02-12
43,2010-02-13
44,2010-02-14
45,2010-02-15
46,2010-02-16
47,2010-02-17
48,2010-02-18
49,2010-02-19
50,2010-02-20
51,2010-02-21
52,2010-02-22
53,2010-02-23
54,2010-02-24
55,2010-02-25
56,2010-02-26
57,2010-02-27
58,2010-02-28
59,2010-03-01
60,2010-03-02
61,2010-03-03
62,2010-03-04
63,2010-03-05
64,2010-03-06
65,2010-03-07
66,2010-03-08
67,2010-03-09
68,2010-03-10
69,2010-03-11
70,2010-03-12
71,2010-03-13
72,2010-03-14
73,2010-03-15
74,2010-03-16
75,2010-03-17
76,2010-03-18
77,2010-03-19
78,2010-03-20
79,2010-03-21
80,2010-03-22
81,2010-03-23
82,2010-03-24
83,2010-03-25
84,2010-03-26
85,2010-03-27
86,2010-03-28
87,2010-03-29
88,2010-03-30
89,2010-03-31
90,2010-04-01
91,2010-04-02
92,2010-04-03
93,2010-04-04
94,2010-04-05
95,2010-04-06
96,2010-04-07
97,2010-04-08
98,2010-04-09
99,2010-04-10
100,2010-04-11
101,2010-04-12
102,2010-04-13
103,2010-04-14
104,2010-04-15
105,2010-04-16
106,2010-04-17
107,2010-04-18
108,2010-04-19
109,2010-04-20
110,2010-04-21
111,2010-04-22
112,2010-04-23
113,2010-04-24
114,2010-04-25
115,2010-04-26
116,2010-04-27
117,2010-04-28
118,2010-04-29
119,2010-04-30
120,2010-05-01
121,2010-05-02
122,2010-05-03
123,2010-05-04
124,2010-05-05
125,2010-05-06
126,2010-05-07
127,2010-05-08
128,2010-05-09
129,2010-05-10
130,2010-05-11
131,2010-05-12
132,2010-05-13
133,2010-05-14
134,2010-05-15
135,2010-05-16
136,2010-05-17
137,2010-05-18
138,2010-05-19
139,2010-05-20
140,2010-05-21
141,2010-05-22
142,2010-05-23
143,2010-05-24
144,2010-05-25
145,2010-05-26
146,2010-05-27
147,2010-05-28
148,2010-05-29
149,2010-05-30
150,2010-05-31
151,2010-06-01
152,2010-06-02
153,2010-06-03
154,2010-06-04
155,2010-06-05
156,2010-06-06
157,2010-06-07
158,2010-06-08
159,2010-06-09
160,2010-06-10
161,2010-06-11
162,2010-06-12
163,2010-06-13
164,2010-06-14
165,2010-06-15
166,2010-06-16
167,2010-06-17
168,2010-06-18
169,2010-06-19
170,2010-06-20
171,2010-06-21
172,2010-06-22
173,2010-06-23
174,2010-06-24
175,2010-06-25
176,2010-06-26
177,2010-06-27
178,2010-06-28
179,2010-06-29
180,2010-06-30
181,2010-07-01
182,2010-07-02
183,2010-07-03
184,2010-07-04
185,2010-07-05
186,2010-07-06
187,2010-07-07
188,2010-07-08
189,2010-07-09
190,2010-07-10
191,2010-07-11
192,2010-07-12
193,2010-07-13
194,2010-07-14
195,2010-07-15
196,2010-07-16
197,2010-07-17
198,2010-07-18
199,2010-07-19
200,2010-07-20
201,2010-07-21
202,2010-07-22
203,2010-07-23
204,2010-07-24
205,2010-07-25
206,2010-07-26
207,2010-07-27
208,2010-07-28
209,2010-07-29
210,2010-07-30
211,2010-07-31
212,2010-08-01
213,2010-08-02
214,2010-08-03
215,2010-08-04
216,2010-08-05
217,2010-08-06
218,2010-08-07
219,2010-08-08
220,2010-08-09
221,2010-08-10
222,2010-08-11
223,2010-08-12
224,2010-08-13
225,2010-08-14
226,2010-08-15
227,2010-08-16
228,2010-08-17
229,2010-08-18
230,2010-08-19
231,2010-08-20
232,2010-08-21
233,2010-08-22
234,2010-08-23
235,2010-08-24
236,2010-08-25
237,2010-08-26
238,2010-08-27
239,2010-08-28
240,2010-08-29
241,2010-08-30
242,2010-08-31
243,2010-09-01
244,2010-09-02
245,2010-09-03
246,2010-09-04
247,2010-09-05
248,2010-09-06
249,2010-09-07
250,2010-09-08
251,2010-09-09
252,2010-09-10
253,2010-09-11
254,2010-09-12
255,2010-09-13
256,2010-09-14
257,2010-09-15
258,2010-09-16
259,2010-09-17
260,2010-09-18
261,2010-09-19
262,2010-09-20
263,2010-09-21
264,2010-09-22
265,2010-09-23
266,2010-09-24
267,2010-09-25
268,2010-09-26
269,2010-09-27
270,2010-09-28
271,2010-09-29
272,2010-09-30
273,2010-10-01
274,2010-10-02
275,2010-10-03
276,2010-10-04
277,2010-10-05
278,2010-10-06
279,2010-10-07
280,2010-10-08
281,2010-10-09
282,2010-10-10
283,2010-10-11
284,2010-10-12
285,2010-10-13
286,2010-10-14
287,2010-10-15
288,2010-10-16
289,2010-10-17
290,2010-10-18
291,2010-10-19
292,2010-10-20
293,2010-10-21
294,2010-10-22
295,2010-10-23
296,2010-10-24
297,2010-10-25
298,2010-10-26
299,2010-10-27
300,2010-10-28
301,2010-10-29
302,2010-10-30
303,2010-10-31
304,2010-11-01
305,2010-11-02
306,2010-11-03
307,2010-11-04
308,2010-11-05
309,2010-11-06
310,2010-11-07
311,2010-11-08
312,2010-11-09
313,2010-11-10
314,2010-11-11
315,2010-11-12
316,2010-11-13
317,2010-11-14
318,2010-11-15
319,2010-11-16
320,2010-11-17
321,2010-11-18
322,2010-11-19
323,2010-11-20
324,2010-11-21
325,2010-11-22
326,2010-11-23
327,2010-11-24
328,2010-11-25
329,2010-11-26
330,2010-11-27
331,2010-11-28
332,2010-11-29
333,2010-11-30
334,2010-12-01
335,2010-12-02
336,2010-12-03
337,2010-12-04
338,2010-12-05
339,2010-12-06
340,2010-12-07
341,2010-12-08
342,2010-12-09
343,2010-12-10
344,2010-12-11
345,2010-12-12
346,2010-12-13
347,2010-12-14
348,2010-12-15
349,2010-12-16
350,2010-12-17
351,2010-12-18
352,2010-12-19
353,2010-12-20
354,2010-12-21
355,2010-12-22
356,2010-12-23
357,2010-12-24
358,2010-12-25
359,2010-12-26
360,2010-12-27
361,2010-12-28
362,2010-12-29
363,2010-12-30
364,2010-12-31
365,2011-01-01
366,2011-01-02
367,2011-01-03
368,2011-01-04
369,2011-01-05
370,2011-01-06
371,2011-01-07
372,2011-01-08
373,2011-01-09
374,2011-01-10
375,2011-01-11
376,2011-01-12
377,2011-01-13
378,2011-01-14
379,2011-01-15
380,2011-01-16
381,2011-01-17
382,2011-01-18
383,2011-01-19
384,2011-01-20
385,2011-01-21
386,2011-01-22
387,2011-01-23
388,2011-01-24
389,2011-01-25
390,2011-01-26
391,2011-01-27
392,2011-01-28
393,2011-01-29
394,2011-01-30
395,2011-01-31
396,2011-02-01
397,2011-02-02
398,2011-02-03
399,2011-02-04
400,2011-02-05
401,2011-02-06
402,2011-02-07
403,2011-02-08
404,2011-02-09
405,2011-02-10
406,2011-02-11
407,2011-02-12
408,2011-02-13
409,2011-02-14
410,2011-02-15
411,2011-02-16
412,2011-02-17
413,2011-02-18
414,2011-02-19
415,2011-02-20
416,2011-02-21
417,2011-02-22
418,2011-02-23
419,2011-02-24
420,2011-02-25
421,2011-02-26
422,2011-02-27
423,2011-02-28
424,2011-03-01
425,2011-03-02
426,2011-03-03
427,2011-03-04
428,2011-03-05
429,2011-03-06
430,2011-03-07
431,2011-03-08
432,2011-03-09
433,2011-03-10
434,2011-03-11
435,2011-03-12
436,2011-03-13
437,2011-03-14
438,2011-03-15
439,2011-03-16
440,2011-03-17
441,2011-03-18
442,2011-03-19
443,2011-03-20
444,2011-03-21
445,2011-03-22
446,2011-03-23
447,2011-03-24
448,2011-03-25
449,2011-03-26
450,2011-03-27
451,2011-03-28
452,2011-03-29
453,2011-03-30
454,2011-03-31
455,2011-04-01
456,2011-04-02
457,2011-04-03
458,2011-04-04
459,2011-04-05
460,2011-04-06
461,2011-04-07
462,2011-04-08
463,2011-04-09
464,2011-04-10
465,2011-04-11
466,2011-04-12
467,2011-04-13
468,2011-04-14
469,2011-04-15
470,2011-04-16
471,2011-04-17
472,2011-04-18
473,2011-04-19
474,2011-04-20
475,2011-04-21
476,2011-04-22
477,2011-04-23
478,2011-04-24
479,2011-04-25
480,2011-04-26
481,2011-04-27
482,2011-04-28
483,2011-04-29
484,2011-04-30
485,2011-05-01
486,2011-05-02
487,2011-05-03
488,2011-05-04
489,2011-05-05
490,2011-05-06
491,2011-05-07
492,2011-05-08
493,2011-05-09
494,2011-05-10
495,2011-05-11
496,2011-05-12
497,2011-05-13
498,2011-05-14
499,2011-05-15
500,2011-05-16
501,2011-05-17
502,2011-05-18
503,2011-05-19
504,2011-05-20
505,2011-05-21
506,2011-05-22
507,2011-05-23
508,2011-05-24
509,2011-05-25
510,2011-05-26
511,2011-05-27
512,2011-05-28
513,2011-05-29
514,2011-05-30
515,2011-05-31
516,2011-06-01
517,2011-06-02
518,2011-06-03
519,2011-06-04
520,2011-06-05
521,2011-06-06
522,2011-06-07
523,2011-06-08
524,2011-06-09
525,2011-06-10
526,2011-06-11
527,2011-06-12
528,2011-06-13
529,2011-06-14
530,2011-06-15
531,2011-06-16
532,2011-06-17
533,2011-06-18
534,2011-06-19
535,2011-06-20
536,2011-06-21
537,2011-06-22
538,2011-06-23
539,2011-06-24
540,2011-06-25
541,2011-06-26
542,2011-06-27
543,2011-06-28
544,2011-06-29
545,2011-06-30
546,2011-07-01
547,2011-07-02
548,2011-07-03
549,2011-07-04
550,2011-07-05
551,2011-07-06
552,2011-07-07
553,2011-07-08
554,2011-07-09
555,2011-07-10
556,2011-07-11
557,2011-07-12
558,2011-07-13
559,2011-07-14
560,2011-07-15
561,2011-07-16
562,2011-07-17
563,2011-07-18
564,2011-07-19
565,2011-07-20
566,2011-07-21
567,2011-07-22
568,2011-07-23
569,2011-07-24
570,2011-07-25
571,2011-07-26
572,2011-07-27
573,2011-07-28
574,2011-07-29
575,2011-07-30
576,2011-07-31
577,2011-08-01
578,2011-08-02
579,2011-08-03
580,2011-08-04
581,2011-08-05
582,2011-08-06
583,2011-08-07
584,2011-08-08
585,2011-08-09
586,2011-08-10
587,2011-08-11
588,2011-08-12
589,2011-08-13
590,2011-08-14
591,2011-08-15
592,2011-08-16
593,2011-08-17
594,2011-08-18
595,2011-08-19
596,2011-08-20
597,2011-08-21
598,2011-08-22
599,2011-08-23
600,2011-08-24
601,2011-08-25
602,2011-08-26
603,2011-08-27
604,2011-08-28
605,2011-08-29
606,2011-08-30
607,2011-08-31
608,2011-09-01
609,2011-09-02
610,2011-09-03
611,2011-09-04
612,2011-09-05
613,2011-09-06
614,2011-09-07
615,2011-09-08
616,2011-09-09
617,2011-09-10
618,2011-09-11
619,2011-09-12
620,2011-09-13
621,2011-09-14
622,2011-09-15
623,2011-09-16
624,2011-09-17
625,2011-09-18
626,2011-09-19
627,2011-09-20
628,2011-09-21
629,2011-09-22
630,2011-09-23
631,2011-09-24
632,2011-09-25
633,2011-09-26
634,2011-09-27
635,2011-09-28
636,2011-09-29
637,2011-09-30
638,2011-10-01
639,2011-10-02
640,2011-10-03
641,2011-10-04
642,2011-10-05
643,2011-10-06
644,2011-10-07
645,2011-10-08
646,2011-10-09
647,2011-10-10
648,2011-10-11
649,2011-10-12
650,2011-10-13
651,2011-10-14
652,2011-10-15
653,2011-10-16
654,2011-10-17
655,2011-10-18
656,2011-10-19
657,2011-10-20
658,2011-10-21
659,2011-10-22
660,2011-10-23
661,2011-10-24
662,2011-10-25
663,2011-10-26
664,2011-10-27
665,2011-10-28
666,2011-10-29
667,2011-10-30
668,2011-10-31
669,2011-11-01
670,2011-11-02
671,2011-11-03
672,2011-11-04
673,2011-11-05
674,2011-11-06
675,2011-11-07
676,2011-11-08
677,2011-11-09
678,2011-11-10
679,2011-11-11
680,2011-11-12
681,2011-11-13
682,2011-11-14
683,2011-11-15
684,2011-11-16
685,2011-11-17
686,2011-11-18
687,2011-11-19
688,2011-11-20
689,2011-11-21
690,2011-11-22
691,2011-11-23
692,2011-11-24
693,2011-11-25
694,2011-11-26
695,2011-11-27
696,2011-11-28
697,2011-11-29
698,2011-11-30
699,2011-12-01
700,2011-12-02
701,2011-12-03
702,2011-12-04
703,2011-12-05
704,2011-12-06
705,2011-12-07
706,2011-12-08
707,2011-12-09
708,2011-12-10
709,2011-12-11
710,2011-12-12
711,2011-12-13
712,2011-12-14
713,2011-12-15
714,2011-12-16
715,2011-12-17
716,2011-12-18
717,2011-12-19
718,2011-12-20
719,2011-12-21
720,2011-12-22
721,2011-12-23
722,2011-12-24
723,2011-12-25
724,2011-12-26
725,2011-12-27
726,2011-12-28
727,2011-12-29
728,2011-12-30
729,2011-12-31
730,2012-01-01
731,2012-01-02
732,2012-01-03
733,2012-01-04
734,2012-01-05
735,2012-01-06
736,2012-01-07
737,2012-01-08
738,2012-01-09
739,2012-01-10
740,2012-01-11
741,2012-01-12
742,2012-01-13
743,2012-01-14
744,2012-01-15
745,2012-01-16
746,2012-01-17
747,2012-01-18
748,2012-01-19
749,2012-01-20
750,2012-01-21
751,2012-01-22
752,2012-01-23
753,2012-01-24
754,2012-01-25
755,2012-01-26
756,2012-01-27
757,2012-01-28
758,2012-01-29
759,2012-01-30
760,2012-01-31
761,2012-02-01
762,2012-02-02
763,2012-02-03
764,2012-02-04
765,2012-02-05
766,2012-02-06
767,2012-02-07
768,2012-02-08
769,2012-02-09
770,2012-02-10
771,2012-02-11
772,2012-02-12
773,2012-02-13
774,2012-02-14
775,2012-02-15
776,2012-02-16
777,2012-02-17
778,2012-02-18
779,2012-02-19
780,2012-02-20
781,2012-02-21
782,2012-02-22
783,2012-02-23
784,2012-02-24
785,2012-02-25
786,2012-02-26
787,2012-02-27
788,2012-02-28
789,2012-02-29
790,2012-03-01
791,2012-03-02
792,2012-03-03
793,2012-03-04
794,2012-03-05
795,2012-03-06
796,2012-03-07
797,2012-03-08
798,2012-03-09
799,2012-03-10
800,2012-03-11
801,2012-03-12
802,2012-03-13
803,2012-03-14
804,2012-03-15
805,2012-03-16
806,2012-03-17
807,2012-03-18
808,2012-03-19
809,2012-03-20
810,2012-03-21
811,2012-03-22
812,2012-03-23
813,2012-03-24
814,2012-03-25
815,2012-03-26
816,2012-03-27
817,2012-03-28
818,2012-03-29
819,2012-03-30
820,2012-03-31
821,2012-04-01
822,2012-04-02
823,2012-04-03
824,2012-04-04
825,2012-04-05
826,2012-04-06
827,2012-04-07
828,2012-04-08
829,2012-04-09
830,2012-04-10
831,2012-04-11
832,2012-04-12
833,2012-04-13
834,2012-04-14
835,2012-04-15
836,2012-04-16
837,2012-04-17
838,2012-04-18
839,2012-04-19
840,2012-04-20
841,2012-04-21
842,2012-04-22
843,2012-04-23
844,2012-04-24
845,2012-04-25
846,2012-04-26
847,2012-04-27
848,2012-04-28
849,2012-04-29
850,2012-04-30
851,2012-05-01
852,2012-05-02
853,2012-05-03
854,2012-05-04
855,2012-05-05
856,2012-05-06
857,2012-05-07
858,2012-05-08
859,2012-05-09
860,2012-05-10
861,2012-05-11
862,2012-05-12
863,2012-05-13
864,2012-05-14
865,2012-05-15
866,2012-05-16
867,2012-05-17
868,2012-05-18
869,2012-05-19
870,2012-05-20
871,2012-05-21
872,2012-05-22
873,2012-05-23
874,2012-05-24
875,2012-05-25
876,2012-05-26
877,2012-05-27
878,2012-05-28
879,2012-05-29
880,2012-05-30
881,2012-05-31
882,2012-06-01
883,2012-06-02
884,2012-06-03
885,2012-06-04
886,2012-06-05
887,2012-06-06
888,2012-06-07
889,2012-06-08
890,2012-06-09
891,2012-06-10
892,2012-06-11
893,2012-06-12
894,2012-06-13
895,2012-06-14
896,2012-06-15
897,2012-06-16
898,2012-06-17
899,2012-06-18
900,2012-06-19
901,2012-06-20
902,2012-06-21
903,2012-06-22
904,2012-06-23
905,2012-06-24
906,2012-06-25
907,2012-06-26
908,2012-06-27
909,2012-06-28
910,2012-06-29
911,2012-06-30
912,2012-07-01
913,2012-07-02
914,2012-07-03
915,2012-07-04
916,2012-07-05
917,2012-07-06
918,2012-07-07
919,2012-07-08
920,2012-07-09
921,2012-07-10
922,2012-07-11
923,2012-07-12
924,2012-07-13
925,2012-07-14
926,2012-07-15
927,2012-07-16
928,2012-07-17
929,2012-07-18
930,2012-07-19
931,2012-07-20
932,2012-07-21
933,2012-07-22
934,2012-07-23
935,2012-07-24
936,2012-07-25
937,2012-07-26
938,2012-07-27
939,2012-07-28
940,2012-07-29
941,2012-07-30
942,2012-07-31
943,2012-08-01
944,2012-08-02
945,2012-08-03
946,2012-08-04
947,2012-08-05
948,2012-08-06
949,2012-08-07
950,2012-08-08
951,2012-08-09
952,2012-08-10
953,2012-08-11
954,2012-08-12
955,2012-08-13
956,2012-08-14
957,2012-08-15
958,2012-08-16
959,2012-08-17
960,2012-08-18
961,2012-08-19
962,2012-08-20
963,2012-08-21
964,2012-08-22
965,2012-08-23
966,2012-08-24
967,2012-08-25
968,2012-08-26
969,2012-08-27
970,2012-08-28
971,2012-08-29
972,2012-08-30
973,2012-08-31
974,2012-09-01
975,2012-09-02
976,2012-09-03
977,2012-09-04
978,2012-09-05
979,2012-09-06
980,2012-09-07
981,2012-09-08
982,2012-09-09
983,2012-09-10
984,2012-09-11
985,2012-09-12
986,2012-09-13
987,2012-09-14
988,2012-09-15
989,2012-09-16
990,2012-09-17
991,2012-09-18
992,2012-09-19
993,2012-09-20
994,2012-09-21
995,2012-09-22
996,2012-09-23
997,2012-09-24
998,2012-09-25
999,2012-09-26
1000,2012-09-27
1001,2012-09-28
1002,2012-09-29
1003,2012-09-30
1004,2012-10-01
1005,2012-10-02
1006,2012-10-03
1007,2012-10-04
1008,2012-10-05
1009,2012-10-06
1010,2012-10-07
1011,2012-10-08
1012,2012-10-09
1013,2012-10-10
1014,2012-10-11
1015,2012-10-12
1016,2012-10-13
1017,2012-10-14
1018,2012-10-15
1019,2012-10-16
1020,2012-10-17
1021,2012-10-18
1022,2012-10-19
1023,2012-10-20
1024,2012-10-21
1025,2012-10-22
1026,2012-10-23
1027,2012-10-24
1028,2012-10-25
1029,2012-10-26
1030,2012-10-27
1031,2012-10-28
1032,2012-10-29
1033,2012-10-30
1034,2012-10-31
1035,2012-11-01
1036,2012-11-02
1037,2012-11-03
1038,2012-11-04
1039,2012-11-05
1040,2012-11-06
1041,2012-11-07
1042,2012-11-08
1043,2012-11-09
1044,2012-11-10
1045,2012-11-11
1046,2012-11-12
1047,2012-11-13
1048,2012-11-14
1049,2012-11-15
1050,2012-11-16
1051,2012-11-17
1052,2012-11-18
1053,2012-11-19
1054,2012-11-20
1055,2012-11-21
1056,2012-11-22
1057,2012-11-23
1058,2012-11-24
1059,2012-11-25
1060,2012-11-26
1061,2012-11-27
1062,2012-11-28
1063,2012-11-29
1064,2012-11-30
1065,2012-12-01
1066,2012-12-02
1067,2012-12-03
1068,2012-12-04
1069,2012-12-05
1070,2012-12-06
1071,2012-12-07
1072,2012-12-08
1073,2012-12-09
1074,2012-12-10
1075,2012-12-11
1076,2012-12-12
1077,2012-12-13
1078,2012-12-14
1079,2012-12-15
1080,2012-12-16
1081,2012-12-17
1082,2012-12-18
1083,2012-12-19
1084,2012-12-20
1085,2012-12-21
1086,2012-12-22
1087,2012-12-23
1088,2012-12-24
1089,2012-12-25
1090,2012-12-26
1091,2012-12-27
1092,2012-12-28
1093,2012-12-29
1094,2012-12-30
1095,2012-12-31
1096,2013-01-01
1097,2013-01-02
1098,2013-01-03
1099,2013-01-04
1100,2013-01-05
1101,2013-01-06
1102,2013-01-07
1103,2013-01-08
1104,2013-01-09
1105,2013-01-10
1106,2013-01-11
1107,2013-01-12
1108,2013-01-13
1109,2013-01-14
1110,2013-01-15
1111,2013-01-16
1112,2013-01-17
1113,2013-01-18
1114,2013-01-19
1115,2013-01-20
1116,2013-01-21
1117,2013-01-22
1118,2013-01-23
1119,2013-01-24
1120,2013-01-25
1121,2013-01-26
1122,2013-01-27
1123,2013-01-28
1124,2013-01-29
1125,2013-01-30
1126,2013-01-31
1127,2013-02-01
1128,2013-02-02
1129,2013-02-03
1130,2013-02-04
1131,2013-02-05
1132,2013-02-06
1133,2013-02-07
1134,2013-02-08
1135,2013-02-09
1136,2013-02-10
1137,2013-02-11
1138,2013-02-12
1139,2013-02-13
1140,2013-02-14
1141,2013-02-15
1142,2013-02-16
1143,2013-02-17
1144,2013-02-18
1145,2013-02-19
1146,2013-02-20
1147,2013-02-21
1148,2013-02-22
1149,2013-02-23
1150,2013-02-24
1151,2013-02-25
1152,2013-02-26
1153,2013-02-27
1154,2013-02-28
1155,2013-03-01
1156,2013-03-02
1157,2013-03-03
1158,2013-03-04
1159,2013-03-05
1160,2013-03-06
1161,2013-03-07
1162,2013-03-08
1163,2013-03-09
1164,2013-03-10
1165,2013-03-11
1166,2013-03-12
1167,2013-03-13
1168,2013-03-14
1169,2013-03-15
1170,2013-03-16
1171,2013-03-17
1172,2013-03-18
1173,2013-03-19
1174,2013-03-20
1175,2013-03-21
1176,2013-03-22
1177,2013-03-23
1178,2013-03-24
1179,2013-03-25
1180,2013-03-26
1181,2013-03-27
1182,2013-03-28
1183,2013-03-29
1184,2013-03-30
1185,2013-03-31
1186,2013-04-01
1187,2013-04-02
1188,2013-04-03
1189,2013-04-04
1190,2013-04-05
1191,2013-04-06
1192,2013-04-07
1193,2013-04-08
1194,2013-04-09
1195,2013-04-10
1196,2013-04-11
1197,2013-04-12
1198,2013-04-13
1199,2013-04-14
1200,2013-04-15
1201,2013-04-16
1202,2013-04-17
1203,2013-04-18
1204,2013-04-19
1205,2013-04-20
1206,2013-04-21
1207,2013-04-22
1208,2013-04-23
1209,2013-04-24
1210,2013-04-25
1211,2013-04-26
1212,2013-04-27
1213,2013-04-28
1214,2013-04-29
1215,2013-04-30
1216,2013-05-01
1217,2013-05-02
1218,2013-05-03
1219,2013-05-04
1220,2013-05-05
1221,2013-05-06
1222,2013-05-07
1223,2013-05-08
1224,2013-05-09
1225,2013-05-10
1226,2013-05-11
1227,2013-05-12
1228,2013-05-13
1229,2013-05-14
1230,2013-05-15
1231,2013-05-16
1232,2013-05-17
1233,2013-05-18
1234,2013-05-19
1235,2013-05-20
1236,2013-05-21
1237,2013-05-22
1238,2013-05-23
1239,2013-05-24
1240,2013-05-25
1241,2013-05-26
1242,2013-05-27
1243,2013-05-28
1244,2013-05-29
1245,2013-05-30
1246,2013-05-31
1247,2013-06-01
1248,2013-06-02
1249,2013-06-03
1250,2013-06-04
1251,2013-06-05
1252,2013-06-06
1253,2013-06-07
1254,2013-06-08
1255,2013-06-09
1256,2013-06-10
1257,2013-06-11
1258,2013-06-12
1259,2013-06-13
1260,2013-06-14
1261,2013-06-15
1262,2013-06-16
1263,2013-06-17
1264,2013-06-18
1265,2013-06-19
1266,2013-06-20
1267,2013-06-21
1268,2013-06-22
1269,2013-06-23
1270,2013-06-24
1271,2013-06-25
1272,2013-06-26
1273,2013-06-27
1274,2013-06-28
1275,2013-06-29
1276,2013-06-30
1277,2013-07-01
1278,2013-07-02
1279,2013-07-03
1280,2013-07-04
1281,2013-07-05
1282,2013-07-06
1283,2013-07-07
1284,2013-07-08
1285,2013-07-09
1286,2013-07-10
1287,2013-07-11
1288,2013-07-12
1289,2013-07-13
1290,2013-07-14
1291,2013-07-15
1292,2013-07-16
1293,2013-07-17
1294,2013-07-18
1295,2013-07-19
1296,2013-07-20
1297,2013-07-21
1298,2013-07-22
1299,2013-07-23
1300,2013-07-24
1301,2013-07-25
1302,2013-07-26
1303,2013-07-27
1304,2013-07-28
1305,2013-07-29
1306,2013-07-30
1307,2013-07-31
1308,2013-08-01
1309,2013-08-02
1310,2013-08-03
1311,2013-08-04
1312,2013-08-05
1313,2013-08-06
1314,2013-08-07
1315,2013-08-08
1316,2013-08-09
1317,2013-08-10
1318,2013-08-11
1319,2013-08-12
1320,2013-08-13
1321,2013-08-14
1322,2013-08-15
1323,2013-08-16
1324,2013-08-17
1325,2013-08-18
1326,2013-08-19
1327,2013-08-20
1328,2013-08-21
1329,2013-08-22
1330,2013-08-23
1331,2013-08-24
1332,2013-08-25
1333,2013-08-26
1334,2013-08-27
1335,2013-08-28
1336,2013-08-29
1337,2013-08-30
1338,2013-08-31
1339,2013-09-01
1340,2013-09-02
1341,2013-09-03
1342,2013-09-04
1343,2013-09-05
1344,2013-09-06
1345,2013-09-07
1346,2013-09-08
1347,2013-09-09
1348,2013-09-10
1349,2013-09-11
1350,2013-09-12
1351,2013-09-13
1352,2013-09-14
1353,2013-09-15
1354,2013-09-16
1355,2013-09-17
1356,2013-09-18
1357,2013-09-19
1358,2013-09-20
1359,2013-09-21
1360,2013-09-22
1361,2013-09-23
1362,2013-09-24
1363,2013-09-25
1364,2013-09-26
1365,2013-09-27
1366,2013-09-28
1367,2013-09-29
1368,2013-09-30
1369,2013-10-01
1370,2013-10-02
1371,2013-10-03
1372,2013-10-04
1373,2013-10-05
1374,2013-10-06
1375,2013-10-07
1376,2013-10-08
1377,2013-10-09
1378,2013-10-10
1379,2013-10-11
1380,2013-10-12
1381,2013-10-13
1382,2013-10-14
1383,2013-10-15
1384,2013-10-16
1385,2013-10-17
1386,2013-10-18
1387,2013-10-19
1388,2013-10-20
1389,2013-10-21
1390,2013-10-22
1391,2013-10-23
1392,2013-10-24
1393,2013-10-25
1394,2013-10-26
1395,2013-10-27
1396,2013-10-28
1397,2013-10-29
1398,2013-10-30
1399,2013-10-31
1400,2013-11-01
1401,2013-11-02
1402,2013-11-03
1403,2013-11-04
1404,2013-11-05
1405,2013-11-06
1406,2013-11-07
1407,2013-11-08
1408,2013-11-09
1409,2013-11-10
1410,2013-11-11
1411,2013-11-12
1412,2013-11-13
1413,2013-11-14
1414,2013-11-15
1415,2013-11-16
1416,2013-11-17
1417,2013-11-18
1418,2013-11-19
1419,2013-11-20
1420,2013-11-21
1421,2013-11-22
1422,2013-11-23
1423,2013-11-24
1424,2013-11-25
1425,2013-11-26
1426,2013-11-27
1427,2013-11-28
1428,2013-11-29
1429,2013-11-30
1430,2013-12-01
1431,2013-12-02
1432,2013-12-03
1433,2013-12-04
1434,2013-12-05
1435,2013-12-06
1436,2013-12-07
1437,2013-12-08
1438,2013-12-09
1439,2013-12-10
1440,2013-12-11
1441,2013-12-12
1442,2013-12-13
1443,2013-12-14
1444,2013-12-15
1445,2013-12-16
1446,2013-12-17
1447,2013-12-18
1448,2013-12-19
1449,2013-12-20
1450,2013-12-21
1451,2013-12-22
1452,2013-12-23
1453,2013-12-24
1454,2013-12-25
1455,2013-12-26
1456,2013-12-27
1457,2013-12-28
1458,2013-12-29
1459,2013-12-30
1460,2013-12-31
1461,2014-01-01
1462,2014-01-02
1463,2014-01-03
1464,2014-01-04
1465,2014-01-05
1466,2014-01-06
1467,2014-01-07
1468,2014-01-08
1469,2014-01-09
1470,2014-01-10
1471,2014-01-11
1472,2014-01-12
1473,2014-01-13
1474,2014-01-14
1475,2014-01-15
1476,2014-01-16
1477,2014-01-17
1478,2014-01-18
1479,2014-01-19
1480,2014-01-20
1481,2014-01-21
1482,2014-01-22
1483,2014-01-23
1484,2014-01-24
1485,2014-01-25
1486,2014-01-26
1487,2014-01-27
1488,2014-01-28
1489,2014-01-29
1490,2014-01-30
1491,2014-01-31
1492,2014-02-01
1493,2014-02-02
1494,2014-02-03
1495,2014-02-04
1496,2014-02-05
1497,2014-02-06
1498,2014-02-07
1499,2014-02-08
1500,2014-02-09
1501,2014-02-10
1502,2014-02-11
1503,2014-02-12
1504,2014-02-13
1505,2014-02-14
1506,2014-02-15
1507,2014-02-16
1508,2014-02-17
1509,2014-02-18
1510,2014-02-19
1511,2014-02-20
1512,2014-02-21
1513,2014-02-22
1514,2014-02-23
1515,2014-02-24
1516,2014-02-25
1517,2014-02-26
1518,2014-02-27
1519,2014-02-28
1520,2014-03-01
1521,2014-03-02
1522,2014-03-03
1523,2014-03-04
1524,2014-03-05
1525,2014-03-06
1526,2014-03-07
1527,2014-03-08
1528,2014-03-09
1529,2014-03-10
1530,2014-03-11
1531,2014-03-12
1532,2014-03-13
1533,2014-03-14
1534,2014-03-15
1535,2014-03-16
1536,2014-03-17
1537,2014-03-18
1538,2014-03-19
1539,2014-03-20
1540,2014-03-21
1541,2014-03-22
1542,2014-03-23
1543,2014-03-24
1544,2014-03-25
1545,2014-03-26
1546,2014-03-27
1547,2014-03-28
1548,2014-03-29
1549,2014-03-30
1550,2014-03-31
1551,2014-04-01
1552,2014-04-02
1553,2014-04-03
1554,2014-04-04
1555,2014-04-05
1556,2014-04-06
1557,2014-04-07
1558,2014-04-08
1559,2014-04-09
1560,2014-04-10
1561,2014-04-11
1562,2014-04-12
1563,2014-04-13
1564,2014-04-14
1565,2014-04-15
1566,2014-04-16
1567,2014-04-17
1568,2014-04-18
1569,2014-04-19
1570,2014-04-20
1571,2014-04-21
1572,2014-04-22
1573,2014-04-23
1574,2014-04-24
1575,2014-04-25
1576,2014-04-26
1577,2014-04-27
1578,2014-04-28
1579,2014-04-29
1580,2014-04-30
1581,2014-05-01
1582,2014-05-02
1583,2014-05-03
1584,2014-05-04
1585,2014-05-05
1586,2014-05-06
1587,2014-05-07
1588,2014-05-08
1589,2014-05-09
1590,2014-05-10
1591,2014-05-11
1592,2014-05-12
1593,2014-05-13
1594,2014-05-14
1595,2014-05-15
1596,2014-05-16
1597,2014-05-17
1598,2014-05-18
1599,2014-05-19
1600,2014-05-20
1601,2014-05-21
1602,2014-05-22
1603,2014-05-23
1604,2014-05-24
1605,2014-05-25
1606,2014-05-26
1607,2014-05-27
1608,2014-05-28
1609,2014-05-29
1610,2014-05-30
1611,2014-05-31
1612,2014-06-01
1613,2014-06-02
1614,2014-06-03
1615,2014-06-04
1616,2014-06-05
1617,2014-06-06
1618,2014-06-07
1619,2014-06-08
1620,2014-06-09
1621,2014-06-10
1622,2014-06-11
1623,2014-06-12
1624,2014-06-13
1625,2014-06-14
1626,2014-06-15
1627,2014-06-16
1628,2014-06-17
1629,2014-06-18
1630,2014-06-19
1631,2014-06-20
1632,2014-06-21
1633,2014-06-22
1634,2014-06-23
1635,2014-06-24
1636,2014-06-25
1637,2014-06-26
1638,2014-06-27
1639,2014-06-28
1640,2014-06-29
1641,2014-06-30
1642,2014-07-01
1643,2014-07-02
1644,2014-07-03
1645,2014-07-04
1646,2014-07-05
1647,2014-07-06
1648,2014-07-07
1649,2014-07-08
1650,2014-07-09
1651,2014-07-10
1652,2014-07-11
1653,2014-07-12
1654,2014-07-13
1655,2014-07-14
1656,2014-07-15
1657,2014-07-16
1658,2014-07-17
1659,2014-07-18
1660,2014-07-19
1661,2014-07-20
1662,2014-07-21
1663,2014-07-22
1664,2014-07-23
1665,2014-07-24
1666,2014-07-25
1667,2014-07-26
1668,2014-07-27
1669,2014-07-28
1670,2014-07-29
1671,2014-07-30
1672,2014-07-31
1673,2014-08-01
1674,2014-08-02
1675,2014-08-03
1676,2014-08-04
1677,2014-08-05
1678,2014-08-06
1679,2014-08-07
1680,2014-08-08
1681,2014-08-09
1682,2014-08-10
1683,2014-08-11
1684,2014-08-12
1685,2014-08-13
1686,2014-08-14
1687,2014-08-15
1688,2014-08-16
1689,2014-08-17
1690,2014-08-18
1691,2014-08-19
1692,2014-08-20
1693,2014-08-21
1694,2014-08-22
1695,2014-08-23
1696,2014-08-24
1697,2014-08-25
1698,2014-08-26
1699,2014-08-27
1700,2014-08-28
1701,2014-08-29
1702,2014-08-30
1703,2014-08-31
1704,2014-09-01
1705,2014-09-02
1706,2014-09-03
1707,2014-09-04
1708,2014-09-05
1709,2014-09-06
1710,2014-09-07
1711,2014-09-08
1712,2014-09-09
1713,2014-09-10
1714,2014-09-11
1715,2014-09-12
1716,2014-09-13
1717,2014-09-14
1718,2014-09-15
1719,2014-09-16
1720,2014-09-17
1721,2014-09-18
1722,2014-09-19
1723,2014-09-20
1724,2014-09-21
1725,2014-09-22
1726,2014-09-23
1727,2014-09-24
1728,2014-09-25
1729,2014-09-26
1730,2014-09-27
1731,2014-09-28
1732,2014-09-29
1733,2014-09-30
1734,2014-10-01
1735,2014-10-02
1736,2014-10-03
1737,2014-10-04
1738,2014-10-05
1739,2014-10-06
1740,2014-10-07
1741,2014-10-08
1742,2014-10-09
1743,2014-10-10
1744,2014-10-11
1745,2014-10-12
1746,2014-10-13
1747,2014-10-14
1748,2014-10-15
1749,2014-10-16
1750,2014-10-17
1751,2014-10-18
1752,2014-10-19
1753,2014-10-20
1754,2014-10-21
1755,2014-10-22
1756,2014-10-23
1757,2014-10-24
1758,2014-10-25
1759,2014-10-26
1760,2014-10-27
1761,2014-10-28
1762,2014-10-29
1763,2014-10-30
1764,2014-10-31
1765,2014-11-01
1766,2014-11-02
1767,2014-11-03
1768,2014-11-04
1769,2014-11-05
1770,2014-11-06
1771,2014-11-07
1772,2014-11-08
1773,2014-11-09
1774,2014-11-10
1775,2014-11-11
1776,2014-11-12
1777,2014-11-13
1778,2014-11-14
1779,2014-11-15
1780,2014-11-16
1781,2014-11-17
1782,2014-11-18
1783,2014-11-19
1784,2014-11-20
1785,2014-11-21
1786,2014-11-22
1787,2014-11-23
1788,2014-11-24
1789,2014-11-25
1790,2014-11-26
1791,2014-11-27
1792,2014-11-28
1793,2014-11-29
1794,2014-11-30
1795,2014-12-01
1796,2014-12-02
1797,2014-12-03
1798,2014-12-04
1799,2014-12-05
1800,2014-12-06
1801,2014-12-07
1802,2014-12-08
1803,2014-12-09
1804,2014-12-10
1805,2014-12-11
1806,2014-12-12
1807,2014-12-13
1808,2014-12-14
1809,2014-12-15
1810,2014-12-16
1811,2014-12-17
1812,2014-12-18
1813,2014-12-19
1814,2014-12-20
1815,2014-12-21
1816,2014-12-22
1817,2014-12-23
1818,2014-12-24
1819,2014-12-25
1820,2014-12-26
1821,2014-12-27
1822,2014-12-28
1823,2014-12-29
1824,2014-12-30
1825,2014-12-31
1826,2015-01-01
1827,2015-01-02
1828,2015-01-03
1829,2015-01-04
1830,2015-01-05
1831,2015-01-06
1832,2015-01-07
1833,2015-01-08
1834,2015-01-09
1835,2015-01-10
1836,2015-01-11
1837,2015-01-12
1838,2015-01-13
1839,2015-01-14
1840,2015-01-15
1841,2015-01-16
1842,2015-01-17
1843,2015-01-18
1844,2015-01-19
1845,2015-01-20
1846,2015-01-21
1847,2015-01-22
1848,2015-01-23
1849,2015-01-24
1850,2015-01-25
1851,2015-01-26
1852,2015-01-27
1853,2015-01-28
1854,2015-01-29
1855,2015-01-30
1856,2015-01-31
1857,2015-02-01
1858,2015-02-02
1859,2015-02-03
1860,2015-02-04
1861,2015-02-05
1862,2015-02-06
1863,2015-02-07
1864,2015-02-08
1865,2015-02-09
1866,2015-02-10
1867,2015-02-11
1868,2015-02-12
1869,2015-02-13
1870,2015-02-14
1871,2015-02-15
1872,2015-02-16
1873,2015-02-17
1874,2015-02-18
1875,2015-02-19
1876,2015-02-20
1877,2015-02-21
1878,2015-02-22
1879,2015-02-23
1880,2015-02-24
1881,2015-02-25
1882,2015-02-26
1883,2015-02-27
1884,2015-02-28
1885,2015-03-01
1886,2015-03-02
1887,2015-03-03
1888,2015-03-04
1889,2015-03-05
1890,2015-03-06
1891,2015-03-07
1892,2015-03-08
1893,2015-03-09
1894,2015-03-10
1895,2015-03-11
1896,2015-03-12
1897,2015-03-13
1898,2015-03-14
1899,2015-03-15
1900,2015-03-16
1901,2015-03-17
1902,2015-03-18
1903,2015-03-19
1904,2015-03-20
1905,2015-03-21
1906,2015-03-22
1907,2015-03-23
1908,2015-03-24
1909,2015-03-25
1910,2015-03-26
1911,2015-03-27
1912,2015-03-28
1913,2015-03-29
1914,2015-03-30
1915,2015-03-31
1916,2015-04-01
1917,2015-04-02
1918,2015-04-03
1919,2015-04-04
1920,2015-04-05
1921,2015-04-06
1922,2015-04-07
1923,2015-04-08
1924,2015-04-09
1925,2015-04-10
1926,2015-04-11
1927,2015-04-12
1928,2015-04-13
1929,2015-04-14
1930,2015-04-15
1931,2015-04-16
1932,2015-04-17
1933,2015-04-18
1934,2015-04-19
1935,2015-04-20
1936,2015-04-21
1937,2015-04-22
1938,2015-04-23
1939,2015-04-24
1940,2015-04-25
1941,2015-04-26
1942,2015-04-27
1943,2015-04-28
1944,2015-04-29
1945,2015-04-30
1946,2015-05-01
1947,2015-05-02
1948,2015-05-03
1949,2015-05-04
1950,2015-05-05
1951,2015-05-06
1952,2015-05-07
1953,2015-05-08
1954,2015-05-09
1955,2015-05-10
1956,2015-05-11
1957,2015-05-12
1958,2015-05-13
1959,2015-05-14
1960,2015-05-15
1961,2015-05-16
1962,2015-05-17
1963,2015-05-18
1964,2015-05-19
1965,2015-05-20
1966,2015-05-21
1967,2015-05-22
1968,2015-05-23
1969,2015-05-24
1970,2015-05-25
1971,2015-05-26
1972,2015-05-27
1973,2015-05-28
1974,2015-05-29
1975,2015-05-30
1976,2015-05-31
1977,2015-06-01
1978,2015-06-02
1979,2015-06-03
1980,2015-06-04
1981,2015-06-05
1982,2015-06-06
1983,2015-06-07
1984,2015-06-08
1985,2015-06-09
1986,2015-06-10
1987,2015-06-11
1988,2015-06-12
1989,2015-06-13
1990,2015-06-14
1991,2015-06-15
1992,2015-06-16
1993,2015-06-17
1994,2015-06-18
1995,2015-06-19
1996,2015-06-20
1997,2015-06-21
1998,2015-06-22
1999,2015-06-23
2000,2015-06-24
2001,2015-06-25
2002,2015-06-26
2003,2015-06-27
2004,2015-06-28
2005,2015-06-29
2006,2015-06-30
2007,2015-07-01
2008,2015-07-02
2009,2015-07-03
2010,2015-07-04
2011,2015-07-05
2012,2015-07-06
2013,2015-07-07
2014,2015-07-08
2015,2015-07-09
2016,2015-07-10
2017,2015-07-11
2018,2015-07-12
2019,2015-07-13
2020,2015-07-14
2021,2015-07-15
2022,2015-07-16
2023,2015-07-17
2024,2015-07-18
2025,2015-07-19
2026,2015-07-20
2027,2015-07-21
2028,2015-07-22
2029,2015-07-23
2030,2015-07-24
2031,2015-07-25
2032,2015-07-26
2033,2015-07-27
2034,2015-07-28
2035,2015-07-29
2036,2015-07-30
2037,2015-07-31
2038,2015-08-01
2039,2015-08-02
2040,2015-08-03
2041,2015-08-04
2042,2015-08-05
2043,2015-08-06
2044,2015-08-07
2045,2015-08-08
2046,2015-08-09
2047,2015-08-10
2048,2015-08-11
2049,2015-08-12
2050,2015-08-13
2051,2015-08-14
2052,2015-08-15
2053,2015-08-16
2054,2015-08-17
2055,2015-08-18
2056,2015-08-19
2057,2015-08-20
2058,2015-08-21
2059,2015-08-22
2060,2015-08-23
2061,2015-08-24
2062,2015-08-25
2063,2015-08-26
2064,2015-08-27
2065,2015-08-28
2066,2015-08-29
2067,2015-08-30
2068,2015-08-31
2069,2015-09-01
2070,2015-09-02
2071,2015-09-03
2072,2015-09-04
2073,2015-09-05
2074,2015-09-06
2075,2015-09-07
2076,2015-09-08
2077,2015-09-09
2078,2015-09-10
2079,2015-09-11
2080,2015-09-12
2081,2015-09-13
2082,2015-09-14
2083,2015-09-15
2084,2015-09-16
2085,2015-09-17
2086,2015-09-18
2087,2015-09-19
2088,2015-09-20
2089,2015-09-21
2090,2015-09-22
2091,2015-09-23
2092,2015-09-24
2093,2015-09-25
2094,2015-09-26
2095,2015-09-27
2096,2015-09-28
2097,2015-09-29
2098,2015-09-30
2099,2015-10-01
2100,2015-10-02
2101,2015-10-03
2102,2015-10-04
2103,2015-10-05
2104,2015-10-06
2105,2015-10-07
2106,2015-10-08
2107,2015-10-09
2108,2015-10-10
2109,2015-10-11
2110,2015-10-12
2111,2015-10-13
2112,2015-10-14
2113,2015-10-15
2114,2015-10-16
2115,2015-10-17
2116,2015-10-18
2117,2015-10-19
2118,2015-10-20
2119,2015-10-21
2120,2015-10-22
2121,2015-10-23
2122,2015-10-24
2123,2015-10-25
2124,2015-10-26
2125,2015-10-27
2126,2015-10-28
2127,2015-10-29
2128,2015-10-30
2129,2015-10-31
2130,2015-11-01
2131,2015-11-02
2132,2015-11-03
2133,2015-11-04
2134,2015-11-05
2135,2015-11-06
2136,2015-11-07
2137,2015-11-08
2138,2015-11-09
2139,2015-11-10
2140,2015-11-11
2141,2015-11-12
2142,2015-11-13
2143,2015-11-14
2144,2015-11-15
2145,2015-11-16
2146,2015-11-17
2147,2015-11-18
2148,2015-11-19
2149,2015-11-20
2150,2015-11-21
2151,2015-11-22
2152,2015-11-23
2153,2015-11-24
2154,2015-11-25
2155,2015-11-26
2156,2015-11-27
2157,2015-11-28
2158,2015-11-29
2159,2015-11-30
2160,2015-12-01
2161,2015-12-02
2162,2015-12-03
2163,2015-12-04
2164,2015-12-05
2165,2015-12-06
2166,2015-12-07
2167,2015-12-08
2168,2015-12-09
2169,2015-12-10
2170,2015-12-11
2171,2015-12-12
2172,2015-12-13
2173,2015-12-14
2174,2015-12-15
2175,2015-12-16
2176,2015-12-17
2177,2015-12-18
2178,2015-12-19
2179,2015-12-20
2180,2015-12-21
2181,2015-12-22
2182,2015-12-23
2183,2015-12-24
2184,2015-12-25
2185,2015-12-26
2186,2015-12-27
2187,2015-12-28
2188,2015-12-29
2189,2015-12-30
2190,2015-12-31
2191,2016-01-01
2192,2016-01-02
2193,2016-01-03
2194,2016-01-04
2195,2016-01-05
2196,2016-01-06
2197,2016-01-07
2198,2016-01-08
2199,2016-01-09
2200,2016-01-10
2201,2016-01-11
2202,2016-01-12
2203,2016-01-13
2204,2016-01-14
2205,2016-01-15
2206,2016-01-16
2207,2016-01-17
2208,2016-01-18
2209,2016-01-19
2210,2016-01-20
2211,2016-01-21
2212,2016-01-22
2213,2016-01-23
2214,2016-01-24
2215,2016-01-25
2216,2016-01-26
2217,2016-01-27
2218,2016-01-28
2219,2016-01-29
2220,2016-01-30
2221,2016-01-31
2222,2016-02-01
2223,2016-02-02
2224,2016-02-03
2225,2016-02-04
2226,2016-02-05
2227,2016-02-06
2228,2016-02-07
2229,2016-02-08
2230,2016-02-09
2231,2016-02-10
2232,2016-02-11
2233,2016-02-12
2234,2016-02-13
2235,2016-02-14
2236,2016-02-15
2237,2016-02-16
2238,2016-02-17
2239,2016-02-18
2240,2016-02-19
2241,2016-02-20
2242,2016-02-21
2243,2016-02-22
2244,2016-02-23
2245,2016-02-24
2246,2016-02-25
2247,2016-02-26
2248,2016-02-27
2249,2016-02-28
2250,2016-02-29
2251,2016-03-01
2252,2016-03-02
2253,2016-03-03
2254,2016-03-04
2255,2016-03-05
2256,2016-03-06
2257,2016-03-07
2258,2016-03-08
2259,2016-03-09
2260,2016-03-10
2261,2016-03-11
2262,2016-03-12
2263,2016-03-13
2264,2016-03-14
2265,2016-03-15
2266,2016-03-16
2267,2016-03-17
2268,2016-03-18
2269,2016-03-19
2270,2016-03-20
2271,2016-03-21
2272,2016-03-22
2273,2016-03-23
2274,2016-03-24
2275,2016-03-25
2276,2016-03-26
2277,2016-03-27
2278,2016-03-28
2279,2016-03-29
2280,2016-03-30
2281,2016-03-31
2282,2016-04-01
2283,2016-04-02
2284,2016-04-03
2285,2016-04-04
2286,2016-04-05
2287,2016-04-06
2288,2016-04-07
2289,2016-04-08
2290,2016-04-09
2291,2016-04-10
2292,2016-04-11
2293,2016-04-12
2294,2016-04-13
2295,2016-04-14
2296,2016-04-15
2297,2016-04-16
2298,2016-04-17
2299,2016-04-18
2300,2016-04-19
2301,2016-04-20
2302,2016-04-21
2303,2016-04-22
2304,2016-04-23
2305,2016-04-24
2306,2016-04-25
2307,2016-04-26
2308,2016-04-27
2309,2016-04-28
2310,2016-04-29
2311,2016-04-30
2312,2016-05-01
2313,2016-05-02
2314,2016-05-03
2315,2016-05-04
2316,2016-05-05
2317,2016-05-06
2318,2016-05-07
2319,2016-05-08
2320,2016-05-09
2321,2016-05-10
2322,2016-05-11
2323,2016-05-12
2324,2016-05-13
2325,2016-05-14
2326,2016-05-15
2327,2016-05-16
2328,2016-05-17
2329,2016-05-18
2330,2016-05-19
2331,2016-05-20
2332,2016-05-21
2333,2016-05-22
2334,2016-05-23
2335,2016-05-24
2336,2016-05-25
2337,2016-05-26
2338,2016-05-27
2339,2016-05-28
2340,2016-05-29
2341,2016-05-30
2342,2016-05-31
2343,2016-06-01
2344,2016-06-02
2345,2016-06-03
2346,2016-06-04
2347,2016-06-05
2348,2016-06-06
2349,2016-06-07
2350,2016-06-08
2351,2016-06-09
2352,2016-06-10
2353,2016-06-11
2354,2016-06-12
2355,2016-06-13
2356,2016-06-14
2357,2016-06-15
2358,2016-06-16
2359,2016-06-17
2360,2016-06-18
2361,2016-06-19
2362,2016-06-20
2363,2016-06-21
2364,2016-06-22
2365,2016-06-23
2366,2016-06-24
2367,2016-06-25
2368,2016-06-26
2369,2016-06-27
2370,2016-06-28
2371,2016-06-29
2372,2016-06-30
2373,2016-07-01
2374,2016-07-02
2375,2016-07-03
2376,2016-07-04
2377,2016-07-05
2378,2016-07-06
2379,2016-07-07
2380,2016-07-08
2381,2016-07-09
2382,2016-07-10
2383,2016-07-11
2384,2016-07-12
2385,2016-07-13
2386,2016-07-14
2387,2016-07-15
2388,2016-07-16
2389,2016-07-17
2390,2016-07-18
2391,2016-07-19
2392,2016-07-20
2393,2016-07-21
2394,2016-07-22
2395,2016-07-23
2396,2016-07-24
2397,2016-07-25
2398,2016-07-26
2399,2016-07-27
2400,2016-07-28
2401,2016-07-29
2402,2016-07-30
2403,2016-07-31
2404,2016-08-01
2405,2016-08-02
2406,2016-08-03
2407,2016-08-04
2408,2016-08-05
2409,2016-08-06
2410,2016-08-07
2411,2016-08-08
2412,2016-08-09
2413,2016-08-10
2414,2016-08-11
2415,2016-08-12
2416,2016-08-13
2417,2016-08-14
2418,2016-08-15
2419,2016-08-16
2420,2016-08-17
2421,2016-08-18
2422,2016-08-19
2423,2016-08-20
2424,2016-08-21
2425,2016-08-22
2426,2016-08-23
2427,2016-08-24
2428,2016-08-25
2429,2016-08-26
2430,2016-08-27
2431,2016-08-28
2432,2016-08-29
2433,2016-08-30
2434,2016-08-31
2435,2016-09-01
2436,2016-09-02
2437,2016-09-03
2438,2016-09-04
2439,2016-09-05
2440,2016-09-06
2441,2016-09-07
2442,2016-09-08
2443,2016-09-09
2444,2016-09-10
2445,2016-09-11
2446,2016-09-12
2447,2016-09-13
2448,2016-09-14
2449,2016-09-15
2450,2016-09-16
2451,2016-09-17
2452,2016-09-18
2453,2016-09-19
2454,2016-09-20
2455,2016-09-21
2456,2016-09-22
2457,2016-09-23
2458,2016-09-24
2459,2016-09-25
2460,2016-09-26
2461,2016-09-27
2462,2016-09-28
2463,2016-09-29
2464,2016-09-30
2465,2016-10-01
2466,2016-10-02
2467,2016-10-03
2468,2016-10-04
2469,2016-10-05
2470,2016-10-06
2471,2016-10-07
2472,2016-10-08
2473,2016-10-09
2474,2016-10-10
2475,2016-10-11
2476,2016-10-12
2477,2016-10-13
2478,2016-10-14
2479,2016-10-15
2480,2016-10-16
2481,2016-10-17
2482,2016-10-18
2483,2016-10-19
2484,2016-10-20
2485,2016-10-21
2486,2016-10-22
2487,2016-10-23
2488,2016-10-24
2489,2016-10-25
2490,2016-10-26
2491,2016-10-27
2492,2016-10-28
2493,2016-10-29
2494,2016-10-30
2495,2016-10-31
2496,2016-11-01
2497,2016-11-02
2498,2016-11-03
2499,2016-11-04
2500,2016-11-05
2501,2016-11-06
2502,2016-11-07
2503,2016-11-08
2504,2016-11-09
2505,2016-11-10
2506,2016-11-11
2507,2016-11-12
2508,2016-11-13
2509,2016-11-14
2510,2016-11-15
2511,2016-11-16
2512,2016-11-17
2513,2016-11-18
2514,2016-11-19
2515,2016-11-20
2516,2016-11-21
2517,2016-11-22
2518,2016-11-23
2519,2016-11-24
2520,2016-11-25
2521,2016-11-26
2522,2016-11-27
2523,2016-11-28
2524,2016-11-29
2525,2016-11-30
2526,2016-12-01
2527,2016-12-02
2528,2016-12-03
2529,2016-12-04
2530,2016-12-05
2531,2016-12-06
2532,2016-12-07
2533,2016-12-08
2534,2016-12-09
2535,2016-12-10
2536,2016-12-11
2537,2016-12-12
2538,2016-12-13
2539,2016-12-14
2540,2016-12-15
2541,2016-12-16
2542,2016-12-17
2543,2016-12-18
2544,2016-12-19
2545,2016-12-20
2546,2016-12-21
2547,2016-12-22
2548,2016-12-23
2549,2016-12-24
2550,2016-12-25
2551,2016-12-26
2552,2016-12-27
2553,2016-12-28
2554,2016-12-29
2555,2016-12-30
2556,2016-12-31
2557,2017-01-01
2558,2017-01-02
2559,2017-01-03
2560,2017-01-04
2561,2017-01-05
2562,2017-01-06
2563,2017-01-07
2564,2017-01-08
2565,2017-01-09
2566,2017-01-10
2567,2017-01-11
2568,2017-01-12
2569,2017-01-13
2570,2017-01-14
2571,2017-01-15
2572,2017-01-16
2573,2017-01-17
2574,2017-01-18
2575,2017-01-19
2576,2017-01-20
2577,2017-01-21
2578,2017-01-22
2579,2017-01-23
2580,2017-01-24
2581,2017-01-25
2582,2017-01-26
2583,2017-01-27
2584,2017-01-28
2585,2017-01-29
2586,2017-01-30
2587,2017-01-31
2588,2017-02-01
2589,2017-02-02
2590,2017-02-03
2591,2017-02-04
2592,2017-02-05
2593,2017-02-06
2594,2017-02-07
2595,2017-02-08
2596,2017-02-09
2597,2017-02-10
2598,2017-02-11
2599,2017-02-12
2600,2017-02-13
2601,2017-02-14
2602,2017-02-15
2603,2017-02-16
2604,2017-02-17
2605,2017-02-18
2606,2017-02-19
2607,2017-02-20
2608,2017-02-21
2609,2017-02-22
2610,2017-02-23
2611,2017-02-24
2612,2017-02-25
2613,2017-02-26
2614,2017-02-27
2615,2017-02-28
2616,2017-03-01
2617,2017-03-02
2618,2017-03-03
2619,2017-03-04
2620,2017-03-05
2621,2017-03-06
2622,2017-03-07
2623,2017-03-08
2624,2017-03-09
2625,2017-03-10
2626,2017-03-11
2627,2017-03-12
2628,2017-03-13
2629,2017-03-14
2630,2017-03-15
2631,2017-03-16
2632,2017-03-17
2633,2017-03-18
2634,2017-03-19
2635,2017-03-20
2636,2017-03-21
2637,2017-03-22
2638,2017-03-23
2639,2017-03-24
2640,2017-03-25
2641,2017-03-26
2642,2017-03-27
2643,2017-03-28
2644,2017-03-29
2645,2017-03-30
2646,2017-03-31
2647,2017-04-01
2648,2017-04-02
2649,2017-04-03
2650,2017-04-04
2651,2017-04-05
2652,2017-04-06
2653,2017-04-07
2654,2017-04-08
2655,2017-04-09
2656,2017-04-10
2657,2017-04-11
2658,2017-04-12
2659,2017-04-13
2660,2017-04-14
2661,2017-04-15
2662,2017-04-16
2663,2017-04-17
2664,2017-04-18
2665,2017-04-19
2666,2017-04-20
2667,2017-04-21
2668,2017-04-22
2669,2017-04-23
2670,2017-04-24
2671,2017-04-25
2672,2017-04-26
2673,2017-04-27
2674,2017-04-28
2675,2017-04-29
2676,2017-04-30
2677,2017-05-01
2678,2017-05-02
2679,2017-05-03
2680,2017-05-04
2681,2017-05-05
2682,2017-05-06
2683,2017-05-07
2684,2017-05-08
2685,2017-05-09
2686,2017-05-10
2687,2017-05-11
2688,2017-05-12
2689,2017-05-13
2690,2017-05-14
2691,2017-05-15
2692,2017-05-16
2693,2017-05-17
2694,2017-05-18
2695,2017-05-19
2696,2017-05-20
2697,2017-05-21
2698,2017-05-22
2699,2017-05-23
2700,2017-05-24
2701,2017-05-25
2702,2017-05-26
2703,2017-05-27
2704,2017-05-28
2705,2017-05-29
2706,2017-05-30
2707,2017-05-31
2708,2017-06-01
2709,2017-06-02
2710,2017-06-03
2711,2017-06-04
2712,2017-06-05
2713,2017-06-06
2714,2017-06-07
2715,2017-06-08
2716,2017-06-09
2717,2017-06-10
2718,2017-06-11
2719,2017-06-12
2720,2017-06-13
2721,2017-06-14
2722,2017-06-15
2723,2017-06-16
2724,2017-06-17
2725,2017-06-18
2726,2017-06-19
2727,2017-06-20
2728,2017-06-21
2729,2017-06-22
2730,2017-06-23
2731,2017-06-24
2732,2017-06-25
2733,2017-06-26
2734,2017-06-27
2735,2017-06-28
2736,2017-06-29
2737,2017-06-30
2738,2017-07-01
2739,2017-07-02
2740,2017-07-03
2741,2017-07-04
2742,2017-07-05
2743,2017-07-06
2744,2017-07-07
2745,2017-07-08
2746,2017-07-09
2747,2017-07-10
2748,2017-07-11
2749,2017-07-12
2750,2017-07-13
2751,2017-07-14
2752,2017-07-15
2753,2017-07-16
2754,2017-07-17
2755,2017-07-18
2756,2017-07-19
2757,2017-07-20
2758,2017-07-21
2759,2017-07-22
2760,2017-07-23
2761,2017-07-24
2762,2017-07-25
2763,2017-07-26
2764,2017-07-27
2765,2017-07-28
2766,2017-07-29
2767,2017-07-30
2768,2017-07-31
2769,2017-08-01
2770,2017-08-02
2771,2017-08-03
2772,2017-08-04
2773,2017-08-05
2774,2017-08-06
2775,2017-08-07
2776,2017-08-08
2777,2017-08-09
2778,2017-08-10
2779,2017-08-11
2780,2017-08-12
2781,2017-08-13
2782,2017-08-14
2783,2017-08-15
2784,2017-08-16
2785,2017-08-17
2786,2017-08-18
2787,2017-08-19
2788,2017-08-20
2789,2017-08-21
2790,2017-08-22
2791,2017-08-23
2792,2017-08-24
2793,2017-08-25
2794,2017-08-26
2795,2017-08-27
2796,2017-08-28
2797,2017-08-29
2798,2017-08-30
2799,2017-08-31
2800,2017-09-01
2801,2017-09-02
2802,2017-09-03
2803,2017-09-04
2804,2017-09-05
2805,2017-09-06
2806,2017-09-07
2807,2017-09-08
2808,2017-09-09
2809,2017-09-10
2810,2017-09-11
2811,2017-09-12
2812,2017-09-13
2813,2017-09-14
2814,2017-09-15
2815,2017-09-16
2816,2017-09-17
2817,2017-09-18
2818,2017-09-19
2819,2017-09-20
2820,2017-09-21
2821,2017-09-22
2822,2017-09-23
2823,2017-09-24
2824,2017-09-25
2825,2017-09-26
2826,2017-09-27
2827,2017-09-28
2828,2017-09-29
2829,2017-09-30
2830,2017-10-01
2831,2017-10-02
2832,2017-10-03
2833,2017-10-04
2834,2017-10-05
2835,2017-10-06
2836,2017-10-07
2837,2017-10-08
2838,2017-10-09
2839,2017-10-10
2840,2017-10-11
2841,2017-10-12
2842,2017-10-13
2843,2017-10-14
2844,2017-10-15
2845,2017-10-16
2846,2017-10-17
2847,2017-10-18
2848,2017-10-19
2849,2017-10-20
2850,2017-10-21
2851,2017-10-22
2852,2017-10-23
2853,2017-10-24
2854,2017-10-25
2855,2017-10-26
2856,2017-10-27
2857,2017-10-28
2858,2017-10-29
2859,2017-10-30
2860,2017-10-31
2861,2017-11-01
2862,2017-11-02
2863,2017-11-03
2864,2017-11-04
2865,2017-11-05
2866,2017-11-06
2867,2017-11-07
2868,2017-11-08
2869,2017-11-09
2870,2017-11-10
2871,2017-11-11
2872,2017-11-12
2873,2017-11-13
2874,2017-11-14
2875,2017-11-15
2876,2017-11-16
2877,2017-11-17
2878,2017-11-18
2879,2017-11-19
2880,2017-11-20
2881,2017-11-21
2882,2017-11-22
2883,2017-11-23
2884,2017-11-24
2885,2017-11-25
2886,2017-11-26
2887,2017-11-27
2888,2017-11-28
2889,2017-11-29
2890,2017-11-30
2891,2017-12-01
2892,2017-12-02
2893,2017-12-03
2894,2017-12-04
2895,2017-12-05
2896,2017-12-06
2897,2017-12-07
2898,2017-12-08
2899,2017-12-09
2900,2017-12-10
2901,2017-12-11
2902,2017-12-12
2903,2017-12-13
2904,2017-12-14
2905,2017-12-15
2906,2017-12-16
2907,2017-12-17
2908,2017-12-18
2909,2017-12-19
2910,2017-12-20
2911,2017-12-21
2912,2017-12-22
2913,2017-12-23
2914,2017-12-24
2915,2017-12-25
2916,2017-12-26
2917,2017-12-27
2918,2017-12-28
2919,2017-12-29
2920,2017-12-30
2921,2017-12-31
2922,2018-01-01
2923,2018-01-02
2924,2018-01-03
2925,2018-01-04
2926,2018-01-05
2927,2018-01-06
2928,2018-01-07
2929,2018-01-08
2930,2018-01-09
2931,2018-01-10
2932,2018-01-11
2933,2018-01-12
2934,2018-01-13
2935,2018-01-14
2936,2018-01-15
2937,2018-01-16
2938,2018-01-17
2939,2018-01-18
2940,2018-01-19
2941,2018-01-20
2942,2018-01-21
2943,2018-01-22
2944,2018-01-23
2945,2018-01-24
2946,2018-01-25
2947,2018-01-26
2948,2018-01-27
2949,2018-01-28
2950,2018-01-29
2951,2018-01-30
2952,2018-01-31
2953,2018-02-01
2954,2018-02-02
2955,2018-02-03
2956,2018-02-04
2957,2018-02-05
2958,2018-02-06
2959,2018-02-07
2960,2018-02-08
2961,2018-02-09
2962,2018-02-10
2963,2018-02-11
2964,2018-02-12
2965,2018-02-13
2966,2018-02-14
2967,2018-02-15
2968,2018-02-16
2969,2018-02-17
2970,2018-02-18
2971,2018-02-19
2972,2018-02-20
2973,2018-02-21
2974,2018-02-22
2975,2018-02-23
2976,2018-02-24
2977,2018-02-25
2978,2018-02-26
2979,2018-02-27
2980,2018-02-28
2981,2018-03-01
2982,2018-03-02
2983,2018-03-03
2984,2018-03-04
2985,2018-03-05
2986,2018-03-06
2987,2018-03-07
2988,2018-03-08
2989,2018-03-09
2990,2018-03-10
2991,2018-03-11
2992,2018-03-12
2993,2018-03-13
2994,2018-03-14
2995,2018-03-15
2996,2018-03-16
2997,2018-03-17
2998,2018-03-18
2999,2018-03-19
3000,2018-03-20
3001,2018-03-21
3002,2018-03-22
3003,2018-03-23
3004,2018-03-24
3005,2018-03-25
3006,2018-03-26
3007,2018-03-27
3008,2018-03-28
3009,2018-03-29
3010,2018-03-30
3011,2018-03-31
3012,2018-04-01
3013,2018-04-02
3014,2018-04-03
3015,2018-04-04
3016,2018-04-05
3017,2018-04-06
3018,2018-04-07
3019,2018-04-08
3020,2018-04-09
3021,2018-04-10
3022,2018-04-11
3023,2018-04-12
3024,2018-04-13
3025,2018-04-14
3026,2018-04-15
3027,2018-04-16
3028,2018-04-17
3029,2018-04-18
3030,2018-04-19
3031,2018-04-20
3032,2018-04-21
3033,2018-04-22
3034,2018-04-23
3035,2018-04-24
3036,2018-04-25
3037,2018-04-26
3038,2018-04-27
3039,2018-04-28
3040,2018-04-29
3041,2018-04-30
3042,2018-05-01
3043,2018-05-02
3044,2018-05-03
3045,2018-05-04
3046,2018-05-05
3047,2018-05-06
3048,2018-05-07
3049,2018-05-08
3050,2018-05-09
3051,2018-05-10
3052,2018-05-11
3053,2018-05-12
3054,2018-05-13
3055,2018-05-14
3056,2018-05-15
3057,2018-05-16
3058,2018-05-17
3059,2018-05-18
3060,2018-05-19
3061,2018-05-20
3062,2018-05-21
3063,2018-05-22
3064,2018-05-23
3065,2018-05-24
3066,2018-05-25
3067,2018-05-26
3068,2018-05-27
3069,2018-05-28
3070,2018-05-29
3071,2018-05-30
3072,2018-05-31
3073,2018-06-01
3074,2018-06-02
3075,2018-06-03
3076,2018-06-04
3077,2018-06-05
3078,2018-06-06
3079,2018-06-07
3080,2018-06-08
3081,2018-06-09
3082,2018-06-10
3083,2018-06-11
3084,2018-06-12
3085,2018-06-13
3086,2018-06-14
3087,2018-06-15
3088,2018-06-16
3089,2018-06-17
3090,2018-06-18
3091,2018-06-19
3092,2018-06-20
3093,2018-06-21
3094,2018-06-22
3095,2018-06-23
3096,2018-06-24
3097,2018-06-25
3098,2018-06-26
3099,2018-06-27
3100,2018-06-28
3101,2018-06-29
3102,2018-06-30
3103,2018-07-01
3104,2018-07-02
3105,2018-07-03
3106,2018-07-04
3107,2018-07-05
3108,2018-07-06
3109,2018-07-07
3110,2018-07-08
3111,2018-07-09
3112,2018-07-10
3113,2018-07-11
3114,2018-07-12
3115,2018-07-13
3116,2018-07-14
3117,2018-07-15
3118,2018-07-16
3119,2018-07-17
3120,2018-07-18
3121,2018-07-19
3122,2018-07-20
3123,2018-07-21
3124,2018-07-22
3125,2018-07-23
3126,2018-07-24
3127,2018-07-25
3128,2018-07-26
3129,2018-07-27
3130,2018-07-28
3131,2018-07-29
3132,2018-07-30
3133,2018-07-31
3134,2018-08-01
3135,2018-08-02
3136,2018-08-03
3137,2018-08-04
3138,2018-08-05
3139,2018-08-06
3140,2018-08-07
3141,2018-08-08
3142,2018-08-09
3143,2018-08-10
3144,2018-08-11
3145,2018-08-12
3146,2018-08-13
3147,2018-08-14
3148,2018-08-15
3149,2018-08-16
3150,2018-08-17
3151,2018-08-18
3152,2018-08-19
3153,2018-08-20
3154,2018-08-21
3155,2018-08-22
3156,2018-08-23
3157,2018-08-24
3158,2018-08-25
3159,2018-08-26
3160,2018-08-27
3161,2018-08-28
3162,2018-08-29
3163,2018-08-30
3164,2018-08-31
3165,2018-09-01
3166,2018-09-02
3167,2018-09-03
3168,2018-09-04
3169,2018-09-05
3170,2018-09-06
3171,2018-09-07
3172,2018-09-08
3173,2018-09-09
3174,2018-09-10
3175,2018-09-11
3176,2018-09-12
3177,2018-09-13
3178,2018-09-14
3179,2018-09-15
3180,2018-09-16
3181,2018-09-17
3182,2018-09-18
3183,2018-09-19
3184,2018-09-20
3185,2018-09-21
3186,2018-09-22
3187,2018-09-23
3188,2018-09-24
3189,2018-09-25
3190,2018-09-26
3191,2018-09-27
3192,2018-09-28
3193,2018-09-29
3194,2018-09-30
3195,2018-10-01
3196,2018-10-02
3197,2018-10-03
3198,2018-10-04
3199,2018-10-05
3200,2018-10-06
3201,2018-10-07
3202,2018-10-08
3203,2018-10-09
3204,2018-10-10
3205,2018-10-11
3206,2018-10-12
3207,2018-10-13
3208,2018-10-14
3209,2018-10-15
3210,2018-10-16
3211,2018-10-17
3212,2018-10-18
3213,2018-10-19
3214,2018-10-20
3215,2018-10-21
3216,2018-10-22
3217,2018-10-23
3218,2018-10-24
3219,2018-10-25
3220,2018-10-26
3221,2018-10-27
3222,2018-10-28
3223,2018-10-29
3224,2018-10-30
3225,2018-10-31
3226,2018-11-01
3227,2018-11-02
3228,2018-11-03
3229,2018-11-04
3230,2018-11-05
3231,2018-11-06
3232,2018-11-07
3233,2018-11-08
3234,2018-11-09
3235,2018-11-10
3236,2018-11-11
3237,2018-11-12
3238,2018-11-13
3239,2018-11-14
3240,2018-11-15
3241,2018-11-16
3242,2018-11-17
3243,2018-11-18
3244,2018-11-19
3245,2018-11-20
3246,2018-11-21
3247,2018-11-22
3248,2018-11-23
3249,2018-11-24
3250,2018-11-25
3251,2018-11-26
3252,2018-11-27
3253,2018-11-28
3254,2018-11-29
3255,2018-11-30
3256,2018-12-01
3257,2018-12-02
3258,2018-12-03
3259,2018-12-04
3260,2018-12-05
3261,2018-12-06
3262,2018-12-07
3263,2018-12-08
3264,2018-12-09
3265,2018-12-10
3266,2018-12-11
3267,2018-12-12
3268,2018-12-13
3269,2018-12-14
3270,2018-12-15
3271,2018-12-16
3272,2018-12-17
3273,2018-12-18
3274,2018-12-19
3275,2018-12-20
3276,2018-12-21
3277,2018-12-22
3278,2018-12-23
3279,2018-12-24
3280,2018-12-25
3281,2018-12-26
3282,2018-12-27
3283,2018-12-28
3284,2018-12-29
3285,2018-12-30
3286,2018-12-31
3287,2019-01-01
3288,2019-01-02
3289,2019-01-03
3290,2019-01-04
3291,2019-01-05
3292,2019-01-06
3293,2019-01-07
3294,2019-01-08
3295,2019-01-09
3296,2019-01-10
3297,2019-01-11
3298,2019-01-12
3299,2019-01-13
3300,2019-01-14
3301,2019-01-15
3302,2019-01-16
3303,2019-01-17
3304,2019-01-18
3305,2019-01-19
3306,2019-01-20
3307,2019-01-21
3308,2019-01-22
3309,2019-01-23
3310,2019-01-24
3311,2019-01-25
3312,2019-01-26
3313,2019-01-27
3314,2019-01-28
3315,2019-01-29
3316,2019-01-30
3317,2019-01-31
3318,2019-02-01
3319,2019-02-02
3320,2019-02-03
3321,2019-02-04
3322,2019-02-05
3323,2019-02-06
3324,2019-02-07
3325,2019-02-08
3326,2019-02-09
3327,2019-02-10
3328,2019-02-11
3329,2019-02-12
3330,2019-02-13
3331,2019-02-14
3332,2019-02-15
3333,2019-02-16
3334,2019-02-17
3335,2019-02-18
3336,2019-02-19
3337,2019-02-20
3338,2019-02-21
3339,2019-02-22
3340,2019-02-23
3341,2019-02-24
3342,2019-02-25
3343,2019-02-26
3344,2019-02-27
3345,2019-02-28
3346,2019-03-01
3347,2019-03-02
3348,2019-03-03
3349,2019-03-04
3350,2019-03-05
3351,2019-03-06
3352,2019-03-07
3353,2019-03-08
3354,2019-03-09
3355,2019-03-10
3356,2019-03-11
3357,2019-03-12
3358,2019-03-13
3359,2019-03-14
3360,2019-03-15
3361,2019-03-16
3362,2019-03-17
3363,2019-03-18
3364,2019-03-19
3365,2019-03-20
3366,2019-03-21
3367,2019-03-22
3368,2019-03-23
3369,2019-03-24
3370,2019-03-25
3371,2019-03-26
3372,2019-03-27
3373,2019-03-28
3374,2019-03-29
3375,2019-03-30
3376,2019-03-31
3377,2019-04-01
3378,2019-04-02
3379,2019-04-03
3380,2019-04-04
3381,2019-04-05
3382,2019-04-06
3383,2019-04-07
3384,2019-04-08
3385,2019-04-09
3386,2019-04-10
3387,2019-04-11
3388,2019-04-12
3389,2019-04-13
3390,2019-04-14
3391,2019-04-15
3392,2019-04-16
3393,2019-04-17
3394,2019-04-18
3395,2019-04-19
3396,2019-04-20
3397,2019-04-21
3398,2019-04-22
3399,2019-04-23
3400,2019-04-24
3401,2019-04-25
3402,2019-04-26
3403,2019-04-27
3404,2019-04-28
3405,2019-04-29
3406,2019-04-30
3407,2019-05-01
3408,2019-05-02
3409,2019-05-03
3410,2019-05-04
3411,2019-05-05
3412,2019-05-06
3413,2019-05-07
3414,2019-05-08
3415,2019-05-09
3416,2019-05-10
3417,2019-05-11
3418,2019-05-12
3419,2019-05-13
3420,2019-05-14
3421,2019-05-15
3422,2019-05-16
3423,2019-05-17
3424,2019-05-18
3425,2019-05-19
3426,2019-05-20
3427,2019-05-21
3428,2019-05-22
3429,2019-05-23
3430,2019-05-24
3431,2019-05-25
3432,2019-05-26
3433,2019-05-27
3434,2019-05-28
3435,2019-05-29
3436,2019-05-30
3437,2019-05-31
3438,2019-06-01
3439,2019-06-02
3440,2019-06-03
3441,2019-06-04
3442,2019-06-05
3443,2019-06-06
3444,2019-06-07
3445,2019-06-08
3446,2019-06-09
3447,2019-06-10
3448,2019-06-11
3449,2019-06-12
3450,2019-06-13
3451,2019-06-14
3452,2019-06-15
3453,2019-06-16
3454,2019-06-17
3455,2019-06-18
3456,2019-06-19
3457,2019-06-20
3458,2019-06-21
3459,2019-06-22
3460,2019-06-23
3461,2019-06-24
3462,2019-06-25
3463,2019-06-26
3464,2019-06-27
3465,2019-06-28
3466,2019-06-29
3467,2019-06-30
3468,2019-07-01
3469,2019-07-02
3470,2019-07-03
3471,2019-07-04
3472,2019-07-05
3473,2019-07-06
3474,2019-07-07
3475,2019-07-08
3476,2019-07-09
3477,2019-07-10
3478,2019-07-11
3479,2019-07-12
3480,2019-07-13
3481,2019-07-14
3482,2019-07-15
3483,2019-07-16
3484,2019-07-17
3485,2019-07-18
3486,2019-07-19
3487,2019-07-20
3488,2019-07-21
3489,2019-07-22
3490,2019-07-23
3491,2019-07-24
3492,2019-07-25
3493,2019-07-26
3494,2019-07-27
3495,2019-07-28
3496,2019-07-29
3497,2019-07-30
3498,2019-07-31
3499,2019-08-01
3500,2019-08-02
3501,2019-08-03
3502,2019-08-04
3503,2019-08-05
3504,2019-08-06
3505,2019-08-07
3506,2019-08-08
3507,2019-08-09
3508,2019-08-10
3509,2019-08-11
3510,2019-08-12
3511,2019-08-13
3512,2019-08-14
3513,2019-08-15
3514,2019-08-16
3515,2019-08-17
3516,2019-08-18
3517,2019-08-19
3518,2019-08-20
3519,2019-08-21
3520,2019-08-22
3521,2019-08-23
3522,2019-08-24
3523,2019-08-25
3524,2019-08-26
3525,2019-08-27
3526,2019-08-28
3527,2019-08-29
3528,2019-08-30
3529,2019-08-31
3530,2019-09-01
3531,2019-09-02
3532,2019-09-03
3533,2019-09-04
3534,2019-09-05
3535,2019-09-06
3536,2019-09-07
3537,2019-09-08
3538,2019-09-09
3539,2019-09-10
3540,2019-09-11
3541,2019-09-12
3542,2019-09-13
3543,2019-09-14
3544,2019-09-15
3545,2019-09-16
3546,2019-09-17
3547,2019-09-18
3548,2019-09-19
3549,2019-09-20
3550,2019-09-21
3551,2019-09-22
3552,2019-09-23
3553,2019-09-24
3554,2019-09-25
3555,2019-09-26
3556,2019-09-27
3557,2019-09-28
3558,2019-09-29
3559,2019-09-30
3560,2019-10-01
3561,2019-10-02
3562,2019-10-03
3563,2019-10-04
3564,2019-10-05
3565,2019-10-06
3566,2019-10-07
3567,2019-10-08
3568,2019-10-09
3569,2019-10-10
3570,2019-10-11
3571,2019-10-12
3572,2019-10-13
3573,2019-10-14
3574,2019-10-15
3575,2019-10-16
3576,2019-10-17
3577,2019-10-18
3578,2019-10-19
3579,2019-10-20
3580,2019-10-21
3581,2019-10-22
3582,2019-10-23
3583,2019-10-24
3584,2019-10-25
3585,2019-10-26
3586,2019-10-27
3587,2019-10-28
3588,2019-10-29
3589,2019-10-30
3590,2019-10-31
3591,2019-11-01
3592,2019-11-02
3593,2019-11-03
3594,2019-11-04
3595,2019-11-05
3596,2019-11-06
3597,2019-11-07
3598,2019-11-08
3599,2019-11-09
3600,2019-11-10
3601,2019-11-11
3602,2019-11-12
3603,2019-11-13
3604,2019-11-14
3605,2019-11-15
3606,2019-11-16
3607,2019-11-17
3608,2019-11-18
3609,2019-11-19
3610,2019-11-20
3611,2019-11-21
3612,2019-11-22
3613,2019-11-23
3614,2019-11-24
3615,2019-11-25
3616,2019-11-26
3617,2019-11-27
3618,2019-11-28
3619,2019-11-29
3620,2019-11-30
3621,2019-12-01
3622,2019-12-02
3623,2019-12-03
3624,2019-12-04
3625,2019-12-05
3626,2019-12-06
3627,2019-12-07
3628,2019-12-08
3629,2019-12-09
3630,2019-12-10
3631,2019-12-11
3632,2019-12-12
3633,2019-12-13
3634,2019-12-14
3635,2019-12-15
3636,2019-12-16
3637,2019-12-17
3638,2019-12-18
3639,2019-12-19
3640,2019-12-20
3641,2019-12-21
3642,2019-12-22
3643,2019-12-23
3644,2019-12-24
3645,2019-12-25
3646,2019-12-26
3647,2019-12-27
3648,2019-12-28
3649,2019-12-29
3650,2019-12-30
3651,2019-12-31
3652,2020-01-01
3653,2020-01-02
3654,2020-01-03
3655,2020-01-04
3656,2020-01-05
3657,2020-01-06
3658,2020-01-07
3659,2020-01-08
3660,2020-01-09
3661,2020-01-10
3662,2020-01-11
3663,2020-01-12
3664,2020-01-13
3665,2020-01-14
3666,2020-01-15
3667,2020-01-16
3668,2020-01-17
3669,2020-01-18
3670,2020-01-19
3671,2020-01-20
3672,2020-01-21
3673,2020-01-22
3674,2020-01-23
3675,2020-01-24
3676,2020-01-25
3677,2020-01-26
3678,2020-01-27
3679,2020-01-28
3680,2020-01-29
3681,2020-01-30
3682,2020-01-31
3683,2020-02-01
3684,2020-02-02
3685,2020-02-03
3686,2020-02-04
3687,2020-02-05
3688,2020-02-06
3689,2020-02-07
3690,2020-02-08
3691,2020-02-09
3692,2020-02-10
3693,2020-02-11
3694,2020-02-12
3695,2020-02-13
3696,2020-02-14
3697,2020-02-15
3698,2020-02-16
3699,2020-02-17
3700,2020-02-18
3701,2020-02-19
3702,2020-02-20
3703,2020-02-21
3704,2020-02-22
3705,2020-02-23
3706,2020-02-24
3707,2020-02-25
3708,2020-02-26
3709,2020-02-27
3710,2020-02-28
3711,2020-02-29
3712,2020-03-01
3713,2020-03-02
3714,2020-03-03
3715,2020-03-04
3716,2020-03-05
3717,2020-03-06
3718,2020-03-07
3719,2020-03-08
3720,2020-03-09
3721,2020-03-10
3722,2020-03-11
3723,2020-03-12
3724,2020-03-13
3725,2020-03-14
3726,2020-03-15
3727,2020-03-16
3728,2020-03-17
3729,2020-03-18
3730,2020-03-19
3731,2020-03-20
3732,2020-03-21
3733,2020-03-22
3734,2020-03-23
3735,2020-03-24
3736,2020-03-25
3737,2020-03-26
3738,2020-03-27
3739,2020-03-28
3740,2020-03-29
3741,2020-03-30
3742,2020-03-31
3743,2020-04-01
3744,2020-04-02
3745,2020-04-03
3746,2020-04-04
3747,2020-04-05
3748,2020-04-06
3749,2020-04-07
3750,2020-04-08
3751,2020-04-09
3752,2020-04-10
3753,2020-04-11
3754,2020-04-12
3755,2020-04-13
3756,2020-04-14
3757,2020-04-15
3758,2020-04-16
3759,2020-04-17
3760,2020-04-18
3761,2020-04-19
3762,2020-04-20
3763,2020-04-21
3764,2020-04-22
3765,2020-04-23
3766,2020-04-24
3767,2020-04-25
3768,2020-04-26
3769,2020-04-27
3770,2020-04-28
3771,2020-04-29
3772,2020-04-30
3773,2020-05-01
3774,2020-05-02
3775,2020-05-03
3776,2020-05-04
3777,2020-05-05
3778,2020-05-06
3779,2020-05-07
3780,2020-05-08
3781,2020-05-09
3782,2020-05-10
3783,2020-05-11
3784,2020-05-12
3785,2020-05-13
3786,2020-05-14
3787,2020-05-15
3788,2020-05-16
3789,2020-05-17
3790,2020-05-18
3791,2020-05-19
3792,2020-05-20
3793,2020-05-21
3794,2020-05-22
3795,2020-05-23
3796,2020-05-24
3797,2020-05-25
3798,2020-05-26
3799,2020-05-27
3800,2020-05-28
3801,2020-05-29
3802,2020-05-30
3803,2020-05-31
3804,2020-06-01
3805,2020-06-02
3806,2020-06-03
3807,2020-06-04
3808,2020-06-05
3809,2020-06-06
3810,2020-06-07
3811,2020-06-08
3812,2020-06-09
3813,2020-06-10
3814,2020-06-11
3815,2020-06-12
3816,2020-06-13
3817,2020-06-14
3818,2020-06-15
3819,2020-06-16
3820,2020-06-17
3821,2020-06-18
3822,2020-06-19
3823,2020-06-20
3824,2020-06-21
3825,2020-06-22
3826,2020-06-23
3827,2020-06-24
3828,2020-06-25
3829,2020-06-26
3830,2020-06-27
3831,2020-06-28
3832,2020-06-29
3833,2020-06-30
3834,2020-07-01
3835,2020-07-02
3836,2020-07-03
3837,2020-07-04
3838,2020-07-05
3839,2020-07-06
3840,2020-07-07
3841,2020-07-08
3842,2020-07-09
3843,2020-07-10
3844,2020-07-11
3845,2020-07-12
3846,2020-07-13
3847,2020-07-14
3848,2020-07-15
3849,2020-07-16
3850,2020-07-17
3851,2020-07-18
3852,2020-07-19
3853,2020-07-20
3854,2020-07-21
3855,2020-07-22
3856,2020-07-23
3857,2020-07-24
3858,2020-07-25
3859,2020-07-26
3860,2020-07-27
3861,2020-07-28
3862,2020-07-29
3863,2020-07-30
3864,2020-07-31
3865,2020-08-01
3866,2020-08-02
3867,2020-08-03
3868,2020-08-04
3869,2020-08-05
3870,2020-08-06
3871,2020-08-07
3872,2020-08-08
3873,2020-08-09
3874,2020-08-10
3875,2020-08-11
3876,2020-08-12
3877,2020-08-13
3878,2020-08-14
3879,2020-08-15
3880,2020-08-16
3881,2020-08-17
3882,2020-08-18
3883,2020-08-19
3884,2020-08-20
3885,2020-08-21
3886,2020-08-22
3887,2020-08-23
3888,2020-08-24
3889,2020-08-25
3890,2020-08-26
3891,2020-08-27
3892,2020-08-28
3893,2020-08-29
3894,2020-08-30
3895,2020-08-31
3896,2020-09-01
3897,2020-09-02
3898,2020-09-03
3899,2020-09-04
3900,2020-09-05
3901,2020-09-06
3902,2020-09-07
3903,2020-09-08
3904,2020-09-09
3905,2020-09-10
3906,2020-09-11
3907,2020-09-12
3908,2020-09-13
3909,2020-09-14
3910,2020-09-15
3911,2020-09-16
3912,2020-09-17
3913,2020-09-18
3914,2020-09-19
3915,2020-09-20
3916,2020-09-21
3917,2020-09-22
3918,2020-09-23
3919,2020-09-24
3920,2020-09-25
3921,2020-09-26
3922,2020-09-27
3923,2020-09-28
3924,2020-09-29
3925,2020-09-30
3926,2020-10-01
3927,2020-10-02
3928,2020-10-03
3929,2020-10-04
3930,2020-10-05
3931,2020-10-06
3932,2020-10-07
3933,2020-10-08
3934,2020-10-09
3935,2020-10-10
3936,2020-10-11
3937,2020-10-12
3938,2020-10-13
3939,2020-10-14
3940,2020-10-15
3941,2020-10-16
3942,2020-10-17
3943,2020-10-18
3944,2020-10-19
3945,2020-10-20
3946,2020-10-21
3947,2020-10-22
3948,2020-10-23
3949,2020-10-24
3950,2020-10-25
3951,2020-10-26
3952,2020-10-27
3953,2020-10-28
3954,2020-10-29
3955,2020-10-30
3956,2020-10-31
3957,2020-11-01
3958,2020-11-02
3959,2020-11-03
3960,2020-11-04
3961,2020-11-05
3962,2020-11-06
3963,2020-11-07
3964,2020-11-08
3965,2020-11-09
3966,2020-11-10
3967,2020-11-11
3968,2020-11-12
3969,2020-11-13
3970,2020-11-14
3971,2020-11-15
3972,2020-11-16
3973,2020-11-17
3974,2020-11-18
3975,2020-11-19
3976,2020-11-20
3977,2020-11-21
3978,2020-11-22
3979,2020-11-23
3980,2020-11-24
3981,2020-11-25
3982,2020-11-26
3983,2020-11-27
3984,2020-11-28
3985,2020-11-29
3986,2020-11-30
3987,2020-12-01
3988,2020-12-02
3989,2020-12-03
3990,2020-12-04
3991,2020-12-05
3992,2020-12-06
3993,2020-12-07
3994,2020-12-08
3995,2020-12-09
3996,2020-12-10
3997,2020-12-11
3998,2020-12-12
3999,2020-12-13
4000,2020-12-14
4001,2020-12-15
4002,2020-12-16
4003,2020-12-17
4004,2020-12-18
4005,2020-12-19
4006,2020-12-20
4007,2020-12-21
4008,2020-12-22
4009,2020-12-23
4010,2020-12-24
4011,2020-12-25
4012,2020-12-26
4013,2020-12-27
4014,2020-12-28
4015,2020-12-29
4016,2020-12-30
4017,2020-12-31
4018,2021-01-01
4019,2021-01-02
4020,2021-01-03
4021,2021-01-04
4022,2021-01-05
4023,2021-01-06
4024,2021-01-07
4025,2021-01-08
4026,2021-01-09
4027,2021-01-10
4028,2021-01-11
4029,2021-01-12
4030,2021-01-13
4031,2021-01-14
4032,2021-01-15
4033,2021-01-16
4034,2021-01-17
4035,2021-01-18
4036,2021-01-19
4037,2021-01-20
4038,2021-01-21
4039,2021-01-22
4040,2021-01-23
4041,2021-01-24
4042,2021-01-25
4043,2021-01-26
4044,2021-01-27
4045,2021-01-28
4046,2021-01-29
4047,2021-01-30
4048,2021-01-31
4049,2021-02-01
4050,2021-02-02
4051,2021-02-03
4052,2021-02-04
4053,2021-02-05
4054,2021-02-06
4055,2021-02-07
4056,2021-02-08
4057,2021-02-09
4058,2021-02-10
4059,2021-02-11
4060,2021-02-12
4061,2021-02-13
4062,2021-02-14
4063,2021-02-15
4064,2021-02-16
4065,2021-02-17
4066,2021-02-18
4067,2021-02-19
4068,2021-02-20
4069,2021-02-21
4070,2021-02-22
4071,2021-02-23
4072,2021-02-24
4073,2021-02-25
4074,2021-02-26
4075,2021-02-27
4076,2021-02-28
4077,2021-03-01
4078,2021-03-02
4079,2021-03-03
4080,2021-03-04
4081,2021-03-05
4082,2021-03-06
4083,2021-03-07
4084,2021-03-08
4085,2021-03-09
4086,2021-03-10
4087,2021-03-11
4088,2021-03-12
4089,2021-03-13
4090,2021-03-14
4091,2021-03-15
4092,2021-03-16
4093,2021-03-17
4094,2021-03-18
4095,2021-03-19
4096,2021-03-20
4097,2021-03-21
4098,2021-03-22
4099,2021-03-23
4100,2021-03-24
4101,2021-03-25
4102,2021-03-26
4103,2021-03-27
4104,2021-03-28
4105,2021-03-29
4106,2021-03-30
4107,2021-03-31
4108,2021-04-01
4109,2021-04-02
4110,2021-04-03
4111,2021-04-04
4112,2021-04-05
4113,2021-04-06
4114,2021-04-07
4115,2021-04-08
4116,2021-04-09
4117,2021-04-10
4118,2021-04-11
4119,2021-04-12
4120,2021-04-13
4121,2021-04-14
4122,2021-04-15
4123,2021-04-16
4124,2021-04-17
4125,2021-04-18
4126,2021-04-19
4127,2021-04-20
4128,2021-04-21
4129,2021-04-22
4130,2021-04-23
4131,2021-04-24
4132,2021-04-25
4133,2021-04-26
4134,2021-04-27
4135,2021-04-28
4136,2021-04-29
4137,2021-04-30
4138,2021-05-01
4139,2021-05-02
4140,2021-05-03
4141,2021-05-04
4142,2021-05-05
4143,2021-05-06
4144,2021-05-07
4145,2021-05-08
4146,2021-05-09
4147,2021-05-10
4148,2021-05-11
4149,2021-05-12
4150,2021-05-13
4151,2021-05-14
4152,2021-05-15
4153,2021-05-16
4154,2021-05-17
4155,2021-05-18
4156,2021-05-19
4157,2021-05-20
4158,2021-05-21
4159,2021-05-22
4160,2021-05-23
4161,2021-05-24
4162,2021-05-25
4163,2021-05-26
4164,2021-05-27
4165,2021-05-28
4166,2021-05-29
4167,2021-05-30
4168,2021-05-31
4169,2021-06-01
4170,2021-06-02
4171,2021-06-03
4172,2021-06-04
4173,2021-06-05
4174,2021-06-06
4175,2021-06-07
4176,2021-06-08
4177,2021-06-09
4178,2021-06-10
4179,2021-06-11
4180,2021-06-12
4181,2021-06-13
4182,2021-06-14
4183,2021-06-15
4184,2021-06-16
4185,2021-06-17
4186,2021-06-18
4187,2021-06-19
4188,2021-06-20
4189,2021-06-21
4190,2021-06-22
4191,2021-06-23
4192,2021-06-24
4193,2021-06-25
4194,2021-06-26
4195,2021-06-27
4196,2021-06-28
4197,2021-06-29
4198,2021-06-30
4199,2021-07-01
4200,2021-07-02
4201,2021-07-03
4202,2021-07-04
4203,2021-07-05
4204,2021-07-06
4205,2021-07-07
4206,2021-07-08
4207,2021-07-09
4208,2021-07-10
4209,2021-07-11
4210,2021-07-12
4211,2021-07-13
4212,2021-07-14
4213,2021-07-15
4214,2021-07-16
4215,2021-07-17
4216,2021-07-18
4217,2021-07-19
4218,2021-07-20
4219,2021-07-21
4220,2021-07-22
4221,2021-07-23
4222,2021-07-24
4223,2021-07-25
4224,2021-07-26
4225,2021-07-27
4226,2021-07-28
4227,2021-07-29
4228,2021-07-30
4229,2021-07-31
4230,2021-08-01
4231,2021-08-02
4232,2021-08-03
4233,2021-08-04
4234,2021-08-05
4235,2021-08-06
4236,2021-08-07
4237,2021-08-08
4238,2021-08-09
4239,2021-08-10
4240,2021-08-11
4241,2021-08-12
4242,2021-08-13
4243,2021-08-14
4244,2021-08-15
4245,2021-08-16
4246,2021-08-17
4247,2021-08-18
4248,2021-08-19
4249,2021-08-20
4250,2021-08-21
4251,2021-08-22
4252,2021-08-23
4253,2021-08-24
4254,2021-08-25
4255,2021-08-26
4256,2021-08-27
4257,2021-08-28
4258,2021-08-29
4259,2021-08-30
4260,2021-08-31
4261,2021-09-01
4262,2021-09-02
4263,2021-09-03
4264,2021-09-04
4265,2021-09-05
4266,2021-09-06
4267,2021-09-07
4268,2021-09-08
4269,2021-09-09
4270,2021-09-10
4271,2021-09-11
4272,2021-09-12
4273,2021-09-13
4274,2021-09-14
4275,2021-09-15
4276,2021-09-16
4277,2021-09-17
4278,2021-09-18
4279,2021-09-19
4280,2021-09-20
4281,2021-09-21
4282,2021-09-22
4283,2021-09-23
4284,2021-09-24
4285,2021-09-25
4286,2021-09-26
4287,2021-09-27
4288,2021-09-28
4289,2021-09-29
4290,2021-09-30
4291,2021-10-01
4292,2021-10-02
4293,2021-10-03
4294,2021-10-04
4295,2021-10-05
4296,2021-10-06
4297,2021-10-07
4298,2021-10-08
4299,2021-10-09
4300,2021-10-10
4301,2021-10-11
4302,2021-10-12
4303,2021-10-13
4304,2021-10-14
4305,2021-10-15
4306,2021-10-16
4307,2021-10-17
4308,2021-10-18
4309,2021-10-19
4310,2021-10-20
4311,2021-10-21
4312,2021-10-22
4313,2021-10-23
4314,2021-10-24
4315,2021-10-25
4316,2021-10-26
4317,2021-10-27
4318,2021-10-28
4319,2021-10-29
4320,2021-10-30
4321,2021-10-31
4322,2021-11-01
4323,2021-11-02
4324,2021-11-03
4325,2021-11-04
4326,2021-11-05
4327,2021-11-06
4328,2021-11-07
4329,2021-11-08
4330,2021-11-09
4331,2021-11-10
4332,2021-11-11
4333,2021-11-12
4334,2021-11-13
4335,2021-11-14
4336,2021-11-15
4337,2021-11-16
4338,2021-11-17
4339,2021-11-18
4340,2021-11-19
4341,2021-11-20
4342,2021-11-21
4343,2021-11-22
4344,2021-11-23
4345,2021-11-24
4346,2021-11-25
4347,2021-11-26
4348,2021-11-27
4349,2021-11-28
4350,2021-11-29
4351,2021-11-30
4352,2021-12-01
4353,2021-12-02
4354,2021-12-03
4355,2021-12-04
4356,2021-12-05
4357,2021-12-06
4358,2021-12-07
4359,2021-12-08
4360,2021-12-09
4361,2021-12-10
4362,2021-12-11
4363,2021-12-12
4364,2021-12-13
4365,2021-12-14
4366,2021-12-15
4367,2021-12-16
4368,2021-12-17
4369,2021-12-18
4370,2021-12-19
4371,2021-12-20
4372,2021-12-21
4373,2021-12-22
4374,2021-12-23
4375,2021-12-24
4376,2021-12-25
4377,2021-12-26
4378,2021-12-27
4379,2021-12-28
4380,2021-12-29
4381,2021-12-30
4382,2021-12-31
